,cv,entropy,nonzero_ratio
GATA3,0.16267587,17.750086,0.980918517993075
KRT7,0.2014047,17.730122,0.9686290504923324
TPD52,0.21684605,17.722458,0.9627237219530145
TACSTD2,0.23313932,17.712297,0.9564415518777792
CCND1,0.33701053,17.637255,0.9082191355698509
FOXA1,0.34006262,17.63263,0.9055014430814111
KRT23,0.3456836,17.628849,0.9046546579830554
SERPINA3,0.37109283,17.608847,0.8930479386767985
FLNB,0.39416087,17.582012,0.8749817121019334
ENAH,0.4038924,17.572603,0.8697458314675983
TOMM7,0.4292279,17.547613,0.8543263625038239
KRT8,0.4581477,17.517685,0.8373995273963797
SCD,0.46666405,17.510107,0.8354044839709345
ESR1,0.46958354,17.505207,0.8296631923354865
ANKRD30A,0.48259285,17.493317,0.8238686995420267
ERBB2,0.50181264,17.467167,0.8079083521384649
MLPH,0.5421223,17.419296,0.7828860741535474
FASN,0.5645472,17.395159,0.7701576970992069
EPCAM,0.7185095,17.191095,0.6677100004876773
NARS,0.7868648,17.097425,0.625215575525694
CD9,0.8126268,17.060404,0.6100798460713162
MDM2,0.8424348,17.017914,0.5922973590058477
TFAP2A,0.86720127,16.982094,0.5780926498166776
SMS,0.8672978,16.983454,0.5778887120442988
CCDC6,0.8728655,16.974472,0.5748606794674564
AR,0.8732645,16.974691,0.5743419681768407
NOSTRIN,0.8957583,16.942945,0.5627175151512465
CTTN,0.91454726,16.914978,0.5510797618361493
TRAPPC3,0.9182273,16.909208,0.548987182954349
SDC4,0.99638414,16.797693,0.5083725322421184
JUP,1.0115045,16.775785,0.5003923585403376
HMGA1,1.0244792,16.757305,0.49400821957891283
LARS,1.0303425,16.748615,0.4912860936606387
QARS,1.0305357,16.74749,0.4908250169578691
USP53,1.086993,16.6663,0.4638608967055183
CCPG1,1.0902816,16.663982,0.46266830408008547
TRAF4,1.0992973,16.64951,0.4581816730877509
DSP,1.1163038,16.62796,0.45267535323352204
TMEM147,1.1725341,16.542412,0.42576886756901744
FAM107B,1.1926862,16.51794,0.41908325537885877
VOPP1,1.3168187,16.342684,0.37047069724551
SMAP2,1.3405731,16.307281,0.361705806463054
SH3YL1,1.349394,16.294533,0.35874870876356074
SERHL2,1.3641567,16.28036,0.35574284333588996
TUBA4A,1.361843,16.280746,0.354878324518197
SRPK1,1.3697013,16.268105,0.3518857593800292
SEC11C,1.4039536,16.220173,0.34045194383731087
S100A14,1.4112281,16.212011,0.33871403934225636
ZNF562,1.4162678,16.204718,0.33671899591681115
PDE4A,1.4575905,16.14759,0.32367141191439935
HOOK2,1.492575,16.102903,0.31378042995402533
SVIL,1.5139723,16.073538,0.30770219765116885
RAB30,1.534993,16.045763,0.3021870109372714
MYO5B,1.5591913,16.010382,0.294406341578035
PDK4,1.6039966,15.957823,0.28493653545192166
PIGR,1.6373856,15.912615,0.2754445621766367
ACTA2,1.6402254,15.9095125,0.27473521340314505
CXCL16,1.6425276,15.906662,0.27402586462965345
MAP3K8,1.6476115,15.902495,0.27338745073351095
TIFA,1.6810697,15.856466,0.26468462796873543
STC1,1.6973968,15.838364,0.2616654622515617
ERN1,1.7106873,15.8171,0.2573029672945881
LYPD3,1.7547916,15.764491,0.24816566840604898
ANKRD28,1.755777,15.760708,0.24742528562371707
OCIAD2,1.7633553,15.752118,0.24590018576071007
SEC24A,1.7797003,15.734039,0.242849986034696
RORC,1.7874851,15.724131,0.2413825207595352
ABCC11,1.7968962,15.713822,0.240212095283274
SLC5A6,1.8115295,15.693336,0.23638161190641915
SQLE,1.8684894,15.625551,0.22527587017144074
ADAM9,1.8830479,15.608794,0.2227310814465395
RUNX1,1.9957473,15.473754,0.20333482592137755
DNTTIP1,2.0237796,15.44243,0.19851125426163443
TENT5C,2.0705893,15.387882,0.19114289387699004
CXCR4,2.1158984,15.341285,0.1852774662061811
ACTG2,2.129769,15.323759,0.18279031206912605
TRIB1,2.1921394,15.256386,0.17506727729773586
EIF4EBP1,2.1993906,15.2475815,0.1734579422678767
KRT14,2.2462094,15.195048,0.16729990822800242
MYBPC1,2.2944918,15.144521,0.16178915494393928
PPARG,2.3060024,15.133839,0.160383757686459
LYZ,2.333855,15.106385,0.1576926657770251
DSC2,2.3538587,15.083555,0.15479320266537802
CLIC6,2.3965318,15.039237,0.15049277572608497
C6orf132,2.4023285,15.03264,0.1494065854166759
DAPK3,2.5265937,14.905275,0.13677574381869045
LGALSL,2.5297537,14.903418,0.13654520546730567
WARS,2.6193829,14.818719,0.12883103755558412
FCER1G,2.6263974,14.809356,0.12821035737877895
SLC25A37,2.656355,14.779427,0.12528429368812594
BACE2,2.662799,14.772775,0.12482321698535638
PTRHD1,2.780761,14.666512,0.11589872272886473
RTKN2,2.78886,14.660128,0.11544207945592949
DUSP5,2.8366475,14.613161,0.11175346583377298
RAMP2,2.9004326,14.554325,0.10724023426243244
AIF1,2.9578156,14.505036,0.10379545928116368
CDH1,2.9629364,14.502474,0.10341861774524626
RAPGEF3,2.9879706,14.480363,0.10189351788223924
POSTN,3.0016067,14.468795,0.10143244117946967
PTPRC,3.0264919,14.449673,0.09979650557060459
LPXN,3.0313225,14.440598,0.09906942307777566
LUM,3.0602887,14.423066,0.09825367198826028
TRAC,3.0677319,14.409757,0.09709654680150205
TOP2A,3.1038735,14.388972,0.09605025736060188
THAP2,3.1589081,14.336634,0.09221977398374705
SELL,3.169608,14.32327,0.09139072260472869
FSTL3,3.197217,14.308477,0.0907257081295803
APOC1,3.4711795,14.084883,0.0775628549514761
FGL2,3.4836633,14.076356,0.07708404452936926
KARS,3.5067317,14.061595,0.07621952571167633
SSTR2,3.5154,14.05032,0.07561657925420844
AQP1,3.5258641,14.043913,0.07534614003431475
CENPF,3.5511787,14.02952,0.07469442584866931
DMKN,3.6062508,13.983155,0.07214077026409942
OXTR,3.626896,13.967271,0.07139595405193319
FCGR3A,3.6403403,13.959096,0.07105901338452467
ZEB2,3.784831,13.856766,0.06623100829494721
DST,3.8149936,13.835716,0.06520245257338435
PCLAF,3.8175519,13.833646,0.06516698513470977
CD68,3.8410697,13.818563,0.06444876950154949
CXCL12,3.863491,13.804263,0.06385912333358457
PELI1,3.8601494,13.798109,0.0634955820871701
CD4,3.8718028,13.792074,0.06329164431479126
AGR3,3.8748832,13.789693,0.06315864141976157
TCIM,3.9487593,13.748141,0.06166457556559481
CD83,4.042699,13.672597,0.058241967733497664
CD14,4.064397,13.658431,0.05766118842520139
GLIPR1,4.1098676,13.628299,0.056486329519105864
CEACAM6,4.2156925,13.563701,0.05396814137321056
SFRP4,4.2894545,13.518652,0.05246520865937515
TUBB2B,4.3468466,13.475362,0.05074503788365793
MMP2,4.379932,13.464297,0.05048346552343289
CTH,4.3899326,13.447331,0.049805150758781516
MNDA,4.420432,13.429158,0.049171170292473365
CDC42EP1,4.5385537,13.36102,0.04687908706812852
MYLK,4.5496106,13.354411,0.046710616734424254
ZEB1,4.587509,13.332977,0.04605446911894449
AKR1C1,4.5974536,13.3232155,0.04566876072335841
IGSF6,4.606339,13.319007,0.045571225267003315
CD86,4.642448,13.298888,0.04493281137086084
CPA3,4.7946434,13.220478,0.042871266497900774
KLF5,4.752731,13.22861,0.04277816447137999
HAVCR2,4.806405,13.199244,0.04196684681169893
SERPINB9,4.8579774,13.168882,0.04107129398516574
PECAM1,4.8784995,13.157287,0.0407698207564318
APOBEC3B,4.8908496,13.14992,0.04050381496637243
S100A4,4.896228,13.147358,0.0404772143873665
C2orf42,4.929186,13.128871,0.039914168798407514
LDHB,4.981278,13.101381,0.03920038659508155
CX3CR1,5.1070805,13.03523,0.03744474838068975
CCDC80,5.122125,13.028762,0.03734277949450033
DNAAF1,5.237769,12.9606495,0.03551177297292504
C15orf48,5.2440486,12.958894,0.03549847268342208
CD93,5.356323,12.90212,0.034150710013787965
RHOH,5.547685,12.802801,0.03184532649994015
ITGAM,5.560021,12.79709,0.03173449075408208
ITGAX,5.5956655,12.7810755,0.031415283806010844
BASP1,5.6182323,12.769701,0.031149278015951482
SLAMF1,5.7906613,12.678211,0.029207435748518126
IGF1,5.8064656,12.673037,0.029145367730837608
KLRC1,5.863152,12.644522,0.028533554413701073
CD3E,5.8739233,12.641051,0.02851582069436378
C1QC,6.0859427,12.544581,0.02664491330427959
CAV1,6.1148734,12.53201,0.02643654210206642
MKI67,6.149925,12.516695,0.026148369162835444
BLANK_0122,6.152346,12.511996,0.026015366267805762
SOX17,6.1689086,12.504058,0.025886796802610402
ITM2C,6.311371,12.444252,0.02485824108104753
PDGFRB,6.4064965,12.404869,0.02423756090424235
CD8A,6.4310336,12.392216,0.023989288833520275
TAC1,6.42627,12.384955,0.02383411878931898
VWF,6.537644,12.339102,0.023129203445661668
CD274,6.5278277,12.341032,0.023111469726324375
ADH1B,6.602774,12.311469,0.02267699360256075
ANKRD29,6.624528,12.3014555,0.02249965640918784
TCF7,6.6450596,12.292411,0.022357786654489512
GPR183,6.6905212,12.274272,0.022096214294264473
PGR,6.7073574,12.267695,0.022020845987080987
PTN,6.7385936,12.255334,0.021799174495364847
SLAMF7,6.853617,12.20453,0.02103662456386134
HOXD8,6.9247613,12.175677,0.020624315589269325
TCF4,6.993574,12.149475,0.020265207772689184
KLRF1,7.0338635,12.1324835,0.020008068842298467
FCER1A,7.163206,12.083708,0.01936522151632167
DUSP2,7.291964,12.034249,0.018700207041173263
BLANK_0030,7.295489,12.031088,0.018642572453327066
C1QA,7.4059725,11.990761,0.018150461741717246
TPSAB1,7.5126376,11.958518,0.01786228880248627
C5orf46,7.466304,11.967275,0.017844555083148975
KLRB1,7.4785213,11.963512,0.017809087644474395
IL7R,7.493943,11.957079,0.01772041904778794
PDGFRA,7.509403,11.951982,0.017667217889776068
LPL,7.535417,11.943671,0.01758741615275826
DPT,7.545848,11.939794,0.017538648424580708
KIT,7.6612105,11.901718,0.01713077287982302
LAG3,7.637319,11.897874,0.01700663684446198
HPX,7.7067566,11.873425,0.016718463905231004
CD3G,7.731366,11.864205,0.016620928448875905
CXCL5,7.8382764,11.824965,0.016164285175940662
PRDM1,7.89259,11.807513,0.015991381412402077
ADGRE5,7.993959,11.7689085,0.01555690528863845
CD163,8.12023,11.725461,0.01510026201570321
PIM1,8.12291,11.7251625,0.01510026201570321
KLRD1,8.241862,11.682379,0.01464805217260229
EGFR,8.272601,11.672567,0.014554950146081514
FBLN1,8.345108,11.651173,0.014364312663205635
ADIPOQ,8.350516,11.648619,0.014333278654365377
PTGDS,8.386354,11.634524,0.014173675180329758
CRISPLD2,8.44284,11.616403,0.014009638276459818
ALDH1A3,8.453845,11.612221,0.013960870548282267
CYTIP,8.493985,11.599342,0.013841167942755554
CLEC14A,8.535656,11.585393,0.013703731617891549
KDR,8.617912,11.55876,0.013451026117335153
APOBEC3A,8.651668,11.547838,0.013344623801311408
MYH11,8.655758,11.546608,0.013340190371477085
FOXP3,8.682982,11.538149,0.013264822064293599
AQP3,8.685764,11.536299,0.013238221485287664
TNFRSF17,8.741721,11.517686,0.013060884291914755
BANK1,8.838078,11.487313,0.01279487850185539
CCR7,8.888936,11.471,0.01264857531732274
CLEC9A,8.934569,11.457401,0.012537739571464672
SFRP1,9.068337,11.417716,0.012218532623393437
CD69,9.064178,11.418007,0.01220966576372479
TCEAL7,9.209177,11.369352,0.011792923359298454
PLD4,9.23192,11.363453,0.011748589060955227
LY86,9.237795,11.361278,0.011730855341617935
TIGIT,9.247896,11.357373,0.011695387902943354
TIMP4,9.324869,11.33445,0.0115091838499018
CD247,9.330371,11.333213,0.011504750420067477
CCL5,9.419502,11.308528,0.011322979796860245
ANGPT2,9.509989,11.279123,0.011079141155972494
IL2RG,9.606266,11.252647,0.010888503673096617
CLECL1,9.595178,11.252757,0.01087520338359365
GJB2,9.645856,11.2389,0.01077766792723855
FAM49A,9.667464,11.2321615,0.010724466769226677
MRC1,9.789068,11.197955,0.010480628128338927
MMRN2,9.918461,11.159835,0.010201322048776594
AKR1C3,10.04111,11.1174965,0.009904282249876972
ESM1,10.087036,11.1123085,0.009873248241036713
CTLA4,10.120412,11.103636,0.009815613653190518
MMP1,10.127261,11.093484,0.00973581191617271
SCGB2A1,10.2414055,11.062098,0.00952744071395954
MS4A1,10.433299,11.010353,0.009194933476385336
LRRC15,10.517698,10.98663,0.009044196862018364
MZB1,10.760006,10.923686,0.008658488466432286
GZMA,11.028025,10.854275,0.00825947978134324
SPIB,11.219093,10.804227,0.00796687341227794
MMP12,11.308424,10.782227,0.007847170806751227
FOXC2,11.350075,10.771869,0.007789536218905032
UCP1,11.705332,10.685587,0.0073373263758041134
HOXD9,11.734704,10.67822,0.007301858937129532
AVPR1A,11.8300905,10.655832,0.0071910231912714635
IL3RA,11.921086,10.634356,0.007084620875247718
CEACAM8,12.007032,10.604204,0.006933884260880745
TCL1A,12.058668,10.591924,0.00687624967303455
PDCD1LG2,12.078829,10.587753,0.006858515953697259
CD80,12.481963,10.494852,0.006432906689602277
SNAI1,12.554553,10.4788265,0.006361971812253113
EGFL7,12.709241,10.443596,0.006206801768051818
MUC6,12.969216,10.38505,0.005958529697329745
OPRPN,12.972634,10.384912,0.005958529697329745
NDUFA4L2,13.116432,10.353612,0.005829960232134386
KRT6B,13.397222,10.293176,0.005590555021080959
NCAM1,13.809577,10.207146,0.005266914643175399
CAVIN2,13.910283,10.187522,0.005200413195660559
CD27,13.999395,10.168895,0.005133911748145718
LILRA4,14.128319,10.143217,0.005040809721624941
CCL8,14.42604,10.079896,0.004828005089577449
SOX18,14.682103,10.027869,0.004650667896204541
PRF1,15.3025875,9.90991,0.004287126649790077
NKG7,16.40298,9.712628,0.0037418147801683817
CTSG,16.469913,9.701828,0.0037152142011624453
KRT5,16.970692,9.61246,0.003489109279611986
IL2RA,17.340881,9.550663,0.003342806095079336
CD19,17.551914,9.514876,0.0032585709282272044
CD79B,17.974848,9.447773,0.0031122677436945544
LTB,19.14572,9.266451,0.0027442930674457682
GNLY,20.096504,9.128559,0.002496020996723695
NegControlProbe_00012,23.083101,8.729594,0.0018930745392558045
S100A8,23.688665,8.654254,0.0017955390829007044
CD79A,25.487034,8.447858,0.0015605673016816
BLANK_0294,27.895231,8.183017,0.0012945615116222364
NegControlProbe_00013,30.10088,7.9642267,0.0011127908884150045
BLANK_0427,32.842224,7.713459,0.0009354536950420954
NegControlProbe_00042,33.572323,7.6503577,0.0008955528265331908
GZMK,34.234,7.597089,0.0008645188176929318
BLANK_0357,35.30707,7.502509,0.0008068842298467364
BLANK_0114,38.298374,7.2696266,0.0006871816243200227
NegControlCodeword_0515,39.58122,7.173946,0.0006428473259767955
BLANK_0352,40.017418,7.1430297,0.0006295470364738273
NegControlProbe_00004,40.72951,7.0918045,0.0006073798873022136
BLANK_0273,41.228645,7.058331,0.0005940795977992454
BLANK_0415,41.473503,7.038882,0.0005852127381305999
PDCD1,41.97259,7.0050535,0.0005719124486276318
BLANK_0399,42.332085,6.981587,0.0005630455889589864
BLANK_0311,45.284184,6.7872725,0.0004921107116098227
NegControlCodeword_0537,46.78619,6.693177,0.0004610767027695636
BLANK_0446,46.720684,6.695282,0.0004610767027695636
NegControlProbe_00017,48.41755,6.5934825,0.00043004269392930453
BLANK_0272,49.184254,6.5481615,0.00041674240442633634
NegControlProbe_00009,49.448193,6.532744,0.0004123089745920136
BLANK_0120,51.37489,6.421173,0.0003812749657517545
BLANK_0355,52.0309,6.385965,0.00037240810608310906
BLANK_0337,52.40031,6.3671103,0.0003679746762487863
BLANK_0359,54.28736,6.2619386,0.00034137409724285
BLANK_0097,57.883022,6.0798225,0.00030147322873394543
NegControlCodeword_0501,59.20437,6.0148435,0.0002881729392309773
BLANK_0072,60.07668,5.971248,0.0002793060795623318
NegControlCodeword_0538,64.50927,5.7706366,0.00024383864088774998
BLANK_0223,64.88266,5.7488685,0.00023940521105342727
BLANK_0368,64.90655,5.748447,0.00023940521105342727
BLANK_0436,65.51985,5.7214537,0.00023497178121910454
NegControlProbe_00003,66.18379,5.6932096,0.0002305383513847818
BLANK_0483,66.98424,5.6618056,0.00022610492155045907
BLANK_0146,68.26097,5.605605,0.00021723806188181363
BLANK_0319,70.20416,5.5195985,0.00020393777237884543
BLANK_0433,70.25364,5.518612,0.00020393777237884543
BLANK_0376,72.072495,5.4500427,0.0001950709127102
BLANK_0037,71.82349,5.454595,0.0001950709127102
NegControlCodeword_0500,71.92157,5.452651,0.0001950709127102
NegControlProbe_00033,72.62596,5.422047,0.00019063748287587726
BLANK_0027,73.62867,5.385284,0.00018620405304155453
BLANK_0497,73.58159,5.3862805,0.00018620405304155453
NegControlProbe_00014,74.66714,5.347663,0.00018177062320723182
BLANK_0110,74.444855,5.3520494,0.00018177062320723182
NegControlCodeword_0502,75.31142,5.317478,0.0001773371933729091
BLANK_0416,75.3039,5.317672,0.0001773371933729091
BLANK_0407,75.36311,5.316526,0.0001773371933729091
NegControlCodeword_0524,76.44039,5.2778344,0.00017290376353858636
NegControlCodeword_0503,76.33548,5.27975,0.00017290376353858636
NegControlProbe_00035,78.45795,5.202241,0.00016403690386994092
BLANK_0374,78.54907,5.200623,0.00016403690386994092
BLANK_0383,79.428276,5.1647024,0.00015960347403561818
NegControlCodeword_0540,79.51511,5.163273,0.00015960347403561818
BLANK_0087,81.86953,5.0798545,0.00015073661436697272
BLANK_0499,82.18487,5.0743093,0.00015073661436697272
NegControlProbe_00025,81.9758,5.0782127,0.00015073661436697272
NegControlCodeword_0525,81.65053,5.083697,0.00015073661436697272
NegControlProbe_00022,81.824615,5.0806537,0.00015073661436697272
NegControlProbe_00024,82.97857,5.0388327,0.00014630318453264998
BLANK_0321,82.91789,5.0399375,0.00014630318453264998
BLANK_0425,84.32302,4.993592,0.00014186975469832728
BLANK_0485,87.0489,4.901199,0.0001330028950296818
BLANK_0424,88.56433,4.851882,0.00012856946519535908
NegControlProbe_00034,89.961876,4.80379,0.00012413603536103637
BLANK_0303,90.015045,4.802994,0.00012413603536103637
BLANK_0230,91.8469,4.747704,0.00011970260552671364
BLANK_0452,91.70649,4.749986,0.00011970260552671364
BLANK_0278,91.854065,4.7476177,0.00011970260552671364
BLANK_0487,91.709694,4.7498574,0.00011970260552671364
BLANK_0489,91.75155,4.749254,0.00011970260552671364
BLANK_0189,91.67171,4.7504196,0.00011970260552671364
BLANK_0430,91.868515,4.7476683,0.00011970260552671364
BLANK_0453,91.61201,4.751334,0.00011970260552671364
NegControlCodeword_0519,93.628975,4.6929674,0.0001152691756923909
NegControlCodeword_0533,93.434616,4.6957707,0.0001152691756923909
BLANK_0006,93.60655,4.6930723,0.0001152691756923909
BLANK_0069,93.57997,4.693613,0.0001152691756923909
BLANK_0253,95.58029,4.6346846,0.00011083574585806818
BLANK_0451,95.378685,4.637667,0.00011083574585806818
NegControlProbe_00039,95.61368,4.634204,0.00011083574585806818
BLANK_0474,97.28646,4.57972,0.00010640231602374545
BLANK_0375,97.22831,4.5805936,0.00010640231602374545
NegControlCodeword_0528,97.298416,4.579523,0.00010640231602374545
BLANK_0147,97.37505,4.578631,0.00010640231602374545
BLANK_0250,99.43974,4.517378,0.00010196888618942272
BLANK_0422,99.411606,4.517798,0.00010196888618942272
BLANK_0491,99.55244,4.5159416,0.00010196888618942272
BLANK_0461,99.39522,4.5182137,0.00010196888618942272
BLANK_0449,99.24857,4.520237,0.00010196888618942272
BLANK_0011,99.4936,4.516846,0.00010196888618942272
BLANK_0287,99.370674,4.518515,0.00010196888618942272
BLANK_0471,99.711075,4.513765,0.00010196888618942272
NegControlCodeword_0535,101.810074,4.4515595,9.75354563551e-05
BLANK_0344,101.65326,4.4535627,9.75354563551e-05
BLANK_0442,101.8705,4.4505744,9.75354563551e-05
NegControlCodeword_0534,101.52951,4.4553814,9.75354563551e-05
BLANK_0218,101.476166,4.456144,9.75354563551e-05
BLANK_0419,103.86267,4.389081,9.310202652077726e-05
BLANK_0180,104.04463,4.3865147,9.310202652077726e-05
BLANK_0350,106.419044,4.3188334,8.866859668645454e-05
BLANK_0439,106.46777,4.3182163,8.866859668645454e-05
BLANK_0362,106.65224,4.3157144,8.866859668645454e-05
BLANK_0405,106.50441,4.3175864,8.866859668645454e-05
BLANK_0450,106.54016,4.317073,8.866859668645454e-05
BLANK_0186,106.658615,4.3158083,8.866859668645454e-05
NegControlCodeword_0532,106.84491,4.313257,8.866859668645454e-05
BLANK_0476,109.46981,4.2411346,8.423516685213181e-05
BLANK_0464,109.23616,4.2440596,8.423516685213181e-05
BLANK_0462,109.50434,4.240565,8.423516685213181e-05
BLANK_0494,109.68997,4.2380395,8.423516685213181e-05
NegControlCodeword_0514,109.420135,4.2416773,8.423516685213181e-05
BLANK_0237,109.576805,4.2394586,8.423516685213181e-05
BLANK_0435,112.36574,4.1642637,7.980173701780909e-05
BLANK_0318,112.619125,4.1609645,7.980173701780909e-05
BLANK_0310,112.95777,4.1569767,7.980173701780909e-05
NegControlProbe_00016,112.35226,4.164507,7.980173701780909e-05
BLANK_0231,112.8377,4.1585774,7.980173701780909e-05
BLANK_0075,115.65691,4.0815034,7.536830718348636e-05
NegControlCodeword_0504,115.40038,4.084677,7.536830718348636e-05
BLANK_0478,118.94818,3.997275,7.093487734916364e-05
BLANK_0458,119.18418,3.9944127,7.093487734916364e-05
BLANK_0463,119.26232,3.993203,7.093487734916364e-05
NegControlCodeword_0531,119.07703,3.9957323,7.093487734916364e-05
BLANK_0369,123.59313,3.895817,6.65014475148409e-05
BLANK_0459,123.22317,3.9001205,6.65014475148409e-05
BLANK_0440,123.182144,3.9004192,6.65014475148409e-05
NegControlProbe_00031,123.430336,3.8979375,6.65014475148409e-05
BLANK_0298,123.66963,3.894528,6.65014475148409e-05
BLANK_0429,122.992676,3.9024274,6.65014475148409e-05
BLANK_0389,127.47007,3.8010745,6.206801768051819e-05
NegControlCodeword_0506,127.36769,3.8023124,6.206801768051819e-05
NegControlProbe_00002,127.9954,3.7954607,6.206801768051819e-05
BLANK_0373,127.36762,3.8023446,6.206801768051819e-05
BLANK_0366,127.40397,3.801963,6.206801768051819e-05
BLANK_0454,132.56499,3.6912353,5.763458784619545e-05
BLANK_0353,132.41035,3.6926186,5.763458784619545e-05
BLANK_0410,132.11652,3.6960618,5.763458784619545e-05
BLANK_0360,132.37007,3.693421,5.763458784619545e-05
BLANK_0441,137.67778,3.5788252,5.3201158011872725e-05
BLANK_0437,137.63527,3.5792763,5.3201158011872725e-05
NegControlCodeword_0512,137.55734,3.5800617,5.3201158011872725e-05
NegControlProbe_00041,137.41634,3.5815713,5.3201158011872725e-05
BLANK_0417,137.85803,3.576817,5.3201158011872725e-05
NegControlProbe_00019,138.10843,3.5742855,5.3201158011872725e-05
BLANK_0404,137.57663,3.5798466,5.3201158011872725e-05
BLANK_0396,137.75618,3.5780888,5.3201158011872725e-05
BLANK_0473,137.42186,3.5815938,5.3201158011872725e-05
BLANK_0381,137.39093,3.581848,5.3201158011872725e-05
BLANK_0493,144.17413,3.4497058,4.876772817755e-05
BLANK_0212,143.48314,3.4564815,4.876772817755e-05
BLANK_0408,144.10947,3.4501219,4.876772817755e-05
BLANK_0358,143.5922,3.4554086,4.876772817755e-05
BLANK_0398,144.78812,3.4444535,4.876772817755e-05
BLANK_0379,144.50897,3.447063,4.876772817755e-05
BLANK_0443,143.6051,3.4552622,4.876772817755e-05
BLANK_0479,150.40993,3.3197103,4.433429834322727e-05
BLANK_0351,150.70293,3.3168392,4.433429834322727e-05
BLANK_0128,150.35432,3.3202682,4.433429834322727e-05
BLANK_0456,150.71494,3.3168178,4.433429834322727e-05
BLANK_0364,150.60829,3.3177733,4.433429834322727e-05
BLANK_0400,150.76685,3.316325,4.433429834322727e-05
NegControlCodeword_0521,150.60287,3.3178737,4.433429834322727e-05
BLANK_0181,150.7908,3.3161075,4.433429834322727e-05
BLANK_0395,151.05688,3.3135924,4.433429834322727e-05
BLANK_0468,151.18872,3.3123257,4.433429834322727e-05
BLANK_0484,151.12419,3.3130352,4.433429834322727e-05
BLANK_0455,158.85641,3.1649194,3.9900868508904546e-05
BLANK_0119,159.05894,3.1629376,3.9900868508904546e-05
BLANK_0486,159.2866,3.1611013,3.9900868508904546e-05
NegControlCodeword_0539,158.60345,3.1672401,3.9900868508904546e-05
BLANK_0477,158.98978,3.1636622,3.9900868508904546e-05
BLANK_0423,158.69572,3.1663933,3.9900868508904546e-05
BLANK_0413,158.80118,3.1653016,3.9900868508904546e-05
BLANK_0411,168.39772,2.9956903,3.546743867458182e-05
BLANK_0426,168.32278,2.9964647,3.546743867458182e-05
NegControlCodeword_0509,168.28584,2.9967172,3.546743867458182e-05
BLANK_0457,168.456,2.995256,3.546743867458182e-05
BLANK_0409,169.17812,2.989478,3.546743867458182e-05
BLANK_0386,168.4183,2.9956856,3.546743867458182e-05
BLANK_0482,169.04639,2.9901474,3.546743867458182e-05
BLANK_0394,168.40846,2.9956582,3.546743867458182e-05
BLANK_0490,168.56796,2.9941833,3.546743867458182e-05
BLANK_0480,168.44374,2.9953637,3.546743867458182e-05
NegControlCodeword_0523,168.06284,2.9986606,3.546743867458182e-05
BLANK_0356,168.24205,2.9970956,3.546743867458182e-05
NegControlCodeword_0505,168.14333,2.9979863,3.546743867458182e-05
BLANK_0354,171.2751,2.971178,3.546743867458182e-05
BLANK_0387,180.4865,2.7994967,3.103400884025909e-05
BLANK_0481,180.03754,2.8030488,3.103400884025909e-05
BLANK_0402,179.85873,2.8044899,3.103400884025909e-05
BLANK_0378,179.90121,2.8041124,3.103400884025909e-05
NegControlCodeword_0526,180.07222,2.8027964,3.103400884025909e-05
BLANK_0444,180.46439,2.799584,3.103400884025909e-05
BLANK_0372,180.90742,2.7960637,3.103400884025909e-05
BLANK_0384,180.00143,2.8033433,3.103400884025909e-05
BLANK_0391,179.73637,2.8054492,3.103400884025909e-05
BLANK_0420,180.27371,2.8012755,3.103400884025909e-05
BLANK_0470,179.91937,2.804003,3.103400884025909e-05
BLANK_0467,195.52737,2.5725873,2.6600579005936363e-05
BLANK_0496,194.72997,2.5788004,2.6600579005936363e-05
BLANK_0434,195.59186,2.5721505,2.6600579005936363e-05
BLANK_0492,194.54977,2.5799222,2.6600579005936363e-05
BLANK_0130,193.97084,2.5843225,2.6600579005936363e-05
BLANK_0406,194.56952,2.5798078,2.6600579005936363e-05
BLANK_0498,195.75563,2.5708203,2.6600579005936363e-05
NegControlCodeword_0527,194.42397,2.5809953,2.6600579005936363e-05
BLANK_0367,194.00522,2.5840635,2.6600579005936363e-05
BLANK_0418,194.88046,2.577608,2.6600579005936363e-05
BLANK_0421,196.02245,2.5692654,2.6600579005936363e-05
NegControlCodeword_0507,213.19682,2.316445,2.2167149171613636e-05
BLANK_0055,214.39055,2.3083017,2.2167149171613636e-05
NegControlCodeword_0530,213.04253,2.3174903,2.2167149171613636e-05
BLANK_0165,213.15169,2.3166919,2.2167149171613636e-05
BLANK_0221,214.6341,2.3068745,2.2167149171613636e-05
BLANK_0363,213.64732,2.3134444,2.2167149171613636e-05
BLANK_0397,213.70125,2.312914,2.2167149171613636e-05
NegControlCodeword_0513,213.07921,2.3172836,2.2167149171613636e-05
BLANK_0401,214.42567,2.308069,2.2167149171613636e-05
BLANK_0448,238.322,1.9946975,1.773371933729091e-05
BLANK_0361,237.60355,1.9991422,1.773371933729091e-05
BLANK_0377,238.52982,1.9935713,1.773371933729091e-05
BLANK_0371,238.3187,1.9948163,1.773371933729091e-05
NegControlCodeword_0517,238.63225,1.9930787,1.773371933729091e-05
NegControlCodeword_0511,237.60326,1.9991481,1.773371933729091e-05
BLANK_0472,238.09247,1.9961727,1.773371933729091e-05
NegControlCodeword_0518,238.6947,1.9925717,1.773371933729091e-05
BLANK_0163,238.13548,1.9959058,1.773371933729091e-05
BLANK_0013,237.7982,1.997977,1.773371933729091e-05
BLANK_0385,239.46243,1.987867,1.773371933729091e-05
NegControlCodeword_0536,238.65398,1.9926312,1.773371933729091e-05
BLANK_0403,237.86258,1.9975928,1.773371933729091e-05
NegControlCodeword_0516,275.65067,1.5773131,1.3300289502968181e-05
BLANK_0466,274.2543,1.5846653,1.3300289502968181e-05
BLANK_0488,275.1582,1.579932,1.3300289502968181e-05
BLANK_0412,277.4159,1.5683191,1.3300289502968181e-05
NegControlCodeword_0522,274.7986,1.5818273,1.3300289502968181e-05
NegControlCodeword_0510,274.5981,1.5828516,1.3300289502968181e-05
BLANK_0495,274.33563,1.584234,1.3300289502968181e-05
NegControlCodeword_0508,274.98514,1.5807395,1.3300289502968181e-05
BLANK_0392,274.80518,1.5817351,1.3300289502968181e-05
BLANK_0380,275.04297,1.580576,1.3300289502968181e-05
BLANK_0475,275.42062,1.5784991,1.3300289502968181e-05
BLANK_0431,275.43967,1.5783674,1.3300289502968181e-05
BLANK_0428,337.34134,0.9934612,8.866859668645455e-06
BLANK_0432,336.48053,0.9971788,8.866859668645455e-06
NegControlCodeword_0529,336.76593,0.99594337,8.866859668645455e-06
BLANK_0438,336.12738,0.9986953,8.866859668645455e-06
BLANK_0388,337.02374,0.9948314,8.866859668645455e-06
BLANK_0460,335.82428,1.0,8.866859668645455e-06
BLANK_0414,335.83185,0.9999647,8.866859668645455e-06
BLANK_0390,336.3149,0.99789095,8.866859668645455e-06
BLANK_0465,337.53476,0.9926203,8.866859668645455e-06
BLANK_0393,335.8264,0.99999225,8.866859668645455e-06
BLANK_0469,335.8251,0.9999939,8.866859668645455e-06
BLANK_0382,337.66016,0.99207765,8.866859668645455e-06
BLANK_0447,474.9288,0.0,4.433429834322727e-06
BLANK_0445,474.9285,0.0,4.433429834322727e-06
