region_id,cell_id,pseudotime
UPMC_c001_v001_r001_reg001,770,17.05452943354273
UPMC_c001_v001_r001_reg001,1947,5.671745964520101
UPMC_c001_v001_r001_reg001,1465,3.178062879918569
UPMC_c001_v001_r001_reg001,2878,4.22460546155464
UPMC_c001_v001_r001_reg001,1649,6.52555490814147
UPMC_c001_v001_r001_reg001,2244,16.26719764792345
UPMC_c001_v001_r001_reg001,4044,4.437299447212262
UPMC_c001_v001_r001_reg001,807,2.574483963824684
UPMC_c001_v001_r001_reg001,3493,5.08375980910373
UPMC_c001_v001_r001_reg001,1357,16.454850457025998
UPMC_c001_v001_r001_reg001,69,4.351207486899008
UPMC_c001_v001_r001_reg001,2085,17.05452943354273
UPMC_c001_v001_r001_reg001,3227,5.0647846502170335
UPMC_c001_v001_r001_reg001,2166,5.72231809820533
UPMC_c001_v001_r001_reg001,558,4.515357991464435
UPMC_c001_v001_r001_reg001,3624,4.237991820501915
UPMC_c001_v001_r001_reg001,2067,2.9374570817047374
UPMC_c001_v001_r001_reg001,1612,3.826955385483642
UPMC_c001_v001_r001_reg001,3899,1.5334966299537607
UPMC_c001_v001_r001_reg001,2102,2.5496946722393856
UPMC_c001_v001_r001_reg001,2946,5.002102672871214
UPMC_c001_v001_r001_reg001,401,17.053741162686674
UPMC_c001_v001_r001_reg001,4089,4.502900187260818
UPMC_c001_v001_r001_reg001,3479,4.61069301785872
UPMC_c001_v001_r001_reg001,1691,5.585299242880894
UPMC_c001_v001_r001_reg001,3764,4.200963384221331
UPMC_c001_v001_r001_reg001,2127,15.851176662560597
UPMC_c001_v001_r001_reg001,1722,4.610952565380322
UPMC_c001_v001_r001_reg001,1403,16.18130411879129
UPMC_c001_v001_r001_reg001,1138,16.160110405018234
UPMC_c001_v001_r001_reg001,237,3.163014811610165
UPMC_c001_v001_r001_reg001,2491,4.485798529235968
UPMC_c001_v001_r001_reg001,443,17.05452943354273
UPMC_c001_v001_r001_reg001,800,0.3452019316963868
UPMC_c001_v001_r001_reg001,2502,13.436899668099533
UPMC_c001_v001_r001_reg001,2854,5.976603452685701
UPMC_c001_v001_r001_reg001,405,17.05452943354273
UPMC_c001_v001_r001_reg001,762,5.062823081530468
UPMC_c001_v001_r001_reg001,1050,4.995876134929796
UPMC_c001_v001_r001_reg001,2974,6.6451315810598865
UPMC_c001_v001_r001_reg001,2347,17.05452943354273
UPMC_c001_v001_r001_reg001,1417,15.425231875455307
UPMC_c001_v001_r001_reg001,3290,2.766597848199143
UPMC_c001_v001_r001_reg001,2109,8.948349535504885
UPMC_c001_v001_r001_reg001,3644,4.411185422860907
UPMC_c001_v001_r001_reg001,730,9.04062175325538
UPMC_c001_v001_r001_reg001,1771,9.104476370071216
UPMC_c001_v001_r001_reg001,3488,4.948880553160616
UPMC_c001_v001_r001_reg001,3633,4.252912323778745
UPMC_c001_v001_r001_reg001,696,5.0931927052936246
UPMC_c001_v001_r001_reg001,728,5.066361693636647
UPMC_c001_v001_r001_reg001,384,0.5372611021561118
UPMC_c001_v001_r001_reg001,2970,2.0266509770656294
UPMC_c001_v001_r001_reg001,2981,17.05452943354273
UPMC_c001_v001_r001_reg001,4106,4.974891192508695
UPMC_c001_v001_r001_reg001,385,17.05452943354273
UPMC_c001_v001_r001_reg001,1315,16.378928819008888
UPMC_c001_v001_r001_reg001,2869,8.216589638704608
UPMC_c001_v001_r001_reg001,747,4.935283796406673
UPMC_c001_v001_r001_reg001,3654,2.855250766224357
UPMC_c001_v001_r001_reg001,597,2.474926996983847
UPMC_c001_v001_r001_reg001,336,1.4118724371005638
UPMC_c001_v001_r001_reg001,2061,2.8996715926819685
UPMC_c001_v001_r001_reg001,1420,4.476351592132821
UPMC_c001_v001_r001_reg001,2442,17.05452943354273
UPMC_c001_v001_r001_reg001,2760,5.489671821477558
UPMC_c001_v001_r001_reg001,768,17.05452943354273
UPMC_c001_v001_r001_reg001,1198,2.8717120906211675
UPMC_c001_v001_r001_reg001,3608,17.05452943354273
UPMC_c001_v001_r001_reg001,1210,16.805825693080717
UPMC_c001_v001_r001_reg001,1308,16.44203062820002
UPMC_c001_v001_r001_reg001,1059,4.867077749881226
UPMC_c001_v001_r001_reg001,1804,13.503447026938504
UPMC_c001_v001_r001_reg001,344,16.140617526116362
UPMC_c001_v001_r001_reg001,3969,4.379812640994501
UPMC_c001_v001_r001_reg001,490,4.276662120807527
UPMC_c001_v001_r001_reg001,1213,0.4019919420557247
UPMC_c001_v001_r001_reg001,107,2.5911498065486698
UPMC_c001_v001_r001_reg001,1523,4.670826640606378
UPMC_c001_v001_r001_reg001,4342,4.673349501017877
UPMC_c001_v001_r001_reg001,585,2.936027203094342
UPMC_c001_v001_r001_reg001,1240,0.53067250993685
UPMC_c001_v001_r001_reg001,3589,5.767564873838
UPMC_c001_v001_r001_reg001,1290,13.442944644987415
UPMC_c001_v001_r001_reg001,588,2.396031612931179
UPMC_c001_v001_r001_reg001,4294,5.146739270622849
UPMC_c001_v001_r001_reg001,4197,5.030467027611715
UPMC_c001_v001_r001_reg001,238,13.543808190934827
UPMC_c001_v001_r001_reg001,134,2.936269749688386
UPMC_c001_v001_r001_reg001,25,2.193285747176465
UPMC_c001_v001_r001_reg001,3621,15.92219787980252
UPMC_c001_v001_r001_reg001,2688,12.396916025053573
UPMC_c001_v001_r001_reg001,3093,15.944251150334042
UPMC_c001_v001_r001_reg001,2745,17.05452943354273
UPMC_c001_v001_r001_reg001,3820,4.290325276885664
UPMC_c001_v001_r001_reg001,604,3.8686731002647123
UPMC_c001_v001_r001_reg001,4100,4.81900253019336
UPMC_c001_v001_r001_reg001,2837,17.05452943354273
UPMC_c001_v001_r001_reg001,3128,7.714228213448518
UPMC_c001_v001_r001_reg001,3039,5.0782139144797505
UPMC_c001_v001_r001_reg001,3368,6.393101968141628
UPMC_c001_v001_r001_reg001,3832,5.194378065198237
UPMC_c001_v001_r001_reg001,989,16.739057932293033
UPMC_c001_v001_r001_reg001,160,4.4745229290551425
UPMC_c001_v001_r001_reg001,478,4.768243072867166
UPMC_c001_v001_r001_reg001,3944,3.998401082532123
UPMC_c001_v001_r001_reg001,848,1.1868709631540315
UPMC_c001_v001_r001_reg001,2399,17.018565469427013
UPMC_c001_v001_r001_reg001,3699,3.762201705433676
UPMC_c001_v001_r001_reg001,3931,17.05452943354273
UPMC_c001_v001_r001_reg001,969,5.121264258641345
UPMC_c001_v001_r001_reg001,2952,4.834313562805746
UPMC_c001_v001_r001_reg001,2763,5.127789861148677
UPMC_c001_v001_r001_reg001,309,4.451311289630996
UPMC_c001_v001_r001_reg001,1289,16.758553085343372
UPMC_c001_v001_r001_reg001,3129,4.779243021799247
UPMC_c001_v001_r001_reg001,4152,4.367572350760632
UPMC_c001_v001_r001_reg001,2729,7.80942221935028
UPMC_c001_v001_r001_reg001,1268,14.906800560938002
UPMC_c001_v001_r001_reg001,2514,4.836015904277277
UPMC_c001_v001_r001_reg001,2834,15.821444551321507
UPMC_c001_v001_r001_reg001,839,15.168096895514712
UPMC_c001_v001_r001_reg001,844,2.8323675705955247
UPMC_c001_v001_r001_reg001,3035,2.304560991333385
UPMC_c001_v001_r001_reg001,1012,3.0364899586736627
UPMC_c001_v001_r001_reg001,3870,17.05452943354273
UPMC_c001_v001_r001_reg001,3489,4.513379839015617
UPMC_c001_v001_r001_reg001,2185,17.05452943354273
UPMC_c001_v001_r001_reg001,3780,4.765947302511618
UPMC_c001_v001_r001_reg001,1022,17.05452943354273
UPMC_c001_v001_r001_reg001,4238,16.78875905144215
UPMC_c001_v001_r001_reg001,12,2.223274321958939
UPMC_c001_v001_r001_reg001,1689,1.846027622808538
UPMC_c001_v001_r001_reg001,2455,4.554344380221205
UPMC_c001_v001_r001_reg001,3135,4.488709090527539
UPMC_c001_v001_r001_reg001,2056,13.82783736856131
UPMC_c001_v001_r001_reg001,4167,4.255502201668305
UPMC_c001_v001_r001_reg001,1573,14.943955960116252
UPMC_c001_v001_r001_reg001,2693,5.606778459419411
UPMC_c001_v001_r001_reg001,726,2.9901800279005224
UPMC_c001_v001_r001_reg001,1236,4.61335560375483
UPMC_c001_v001_r001_reg001,122,4.47962214646618
UPMC_c001_v001_r001_reg001,1262,5.1587228714286795
UPMC_c001_v001_r001_reg001,2404,16.603681033396466
UPMC_c001_v001_r001_reg001,2386,3.270368904774913
UPMC_c001_v001_r001_reg001,1129,16.85347220939197
UPMC_c001_v001_r001_reg001,1913,16.22116820590161
UPMC_c001_v001_r001_reg001,3050,8.053803100763101
UPMC_c001_v001_r001_reg001,733,5.02941553800964
UPMC_c001_v001_r001_reg001,3635,17.05452943354273
UPMC_c001_v001_r001_reg001,1739,17.05452943354273
UPMC_c001_v001_r001_reg001,1656,3.7422024624235237
UPMC_c001_v001_r001_reg001,3384,4.951849144302633
UPMC_c001_v001_r001_reg001,1799,3.93091442376021
UPMC_c001_v001_r001_reg001,2508,5.552548694399892
UPMC_c001_v001_r001_reg001,58,2.9835200404303137
UPMC_c001_v001_r001_reg001,2501,16.723117392360923
UPMC_c001_v001_r001_reg001,2490,5.8891079090159435
UPMC_c001_v001_r001_reg001,3843,4.204197594307629
UPMC_c001_v001_r001_reg001,3189,4.89613300867333
UPMC_c001_v001_r001_reg001,433,3.8882792994927695
UPMC_c001_v001_r001_reg001,1414,2.9173045230571155
UPMC_c001_v001_r001_reg001,3239,4.520612703042498
UPMC_c001_v001_r001_reg001,2633,4.807933006116715
UPMC_c001_v001_r001_reg001,1522,5.0954611367556355
UPMC_c001_v001_r001_reg001,168,2.168617251824812
UPMC_c001_v001_r001_reg001,2372,4.114441032193255
UPMC_c001_v001_r001_reg001,3583,15.057064262389487
UPMC_c001_v001_r001_reg001,3031,17.05452943354273
UPMC_c001_v001_r001_reg001,2345,16.626199469686387
UPMC_c001_v001_r001_reg001,3113,4.310619922045042
UPMC_c001_v001_r001_reg001,2831,5.130247499529016
UPMC_c001_v001_r001_reg001,151,4.6144936240095245
UPMC_c001_v001_r001_reg001,1230,16.204881799893364
UPMC_c001_v001_r001_reg001,2141,5.058295558277205
UPMC_c001_v001_r001_reg001,2682,13.510722541614772
UPMC_c001_v001_r001_reg001,1516,16.74893604019445
UPMC_c001_v001_r001_reg001,1756,9.056495877780016
UPMC_c001_v001_r001_reg001,734,15.522070624989896
UPMC_c001_v001_r001_reg001,2972,4.211954495831089
UPMC_c001_v001_r001_reg004,17046,16.747655623311914
UPMC_c001_v001_r001_reg004,20013,16.91870311290781
UPMC_c001_v001_r001_reg004,20044,17.05452943354273
UPMC_c001_v001_r001_reg004,17150,16.488493265647826
UPMC_c001_v001_r001_reg004,19750,16.85298935000976
UPMC_c001_v001_r001_reg004,17202,15.02360249462623
UPMC_c001_v001_r001_reg004,19527,16.5218654726688
UPMC_c001_v001_r001_reg004,18990,16.32790127149699
UPMC_c001_v001_r001_reg004,22251,17.05452943354273
UPMC_c001_v001_r001_reg004,17429,17.05452943354273
UPMC_c001_v001_r001_reg004,19926,16.646684888182143
UPMC_c001_v001_r001_reg004,16978,15.904667693589488
UPMC_c001_v001_r001_reg004,16495,16.485239501612142
UPMC_c001_v001_r001_reg004,18281,16.815812486916084
UPMC_c001_v001_r001_reg004,19068,16.827669203069963
UPMC_c001_v001_r001_reg004,20901,17.05452943354273
UPMC_c001_v001_r001_reg004,20474,16.027309283594132
UPMC_c001_v001_r001_reg004,17655,16.95145332795299
UPMC_c001_v001_r001_reg004,18347,17.05452943354273
UPMC_c001_v001_r001_reg004,22284,17.05452943354273
UPMC_c001_v001_r001_reg004,20449,17.05452943354273
UPMC_c001_v001_r001_reg004,20746,17.05452943354273
UPMC_c001_v001_r001_reg004,16348,15.041102970337588
UPMC_c001_v001_r001_reg004,18956,16.437141117078507
UPMC_c001_v001_r001_reg004,21749,15.958141700059906
UPMC_c001_v001_r001_reg004,16665,14.413228060597037
UPMC_c001_v001_r001_reg004,15804,13.883408007209054
UPMC_c001_v001_r001_reg004,17538,16.913128171396778
UPMC_c001_v001_r001_reg004,19673,17.05452943354273
UPMC_c001_v001_r001_reg004,19672,16.506105788342705
UPMC_c001_v001_r001_reg004,16147,16.720856917724614
UPMC_c001_v001_r001_reg004,16846,14.073984844125798
UPMC_c001_v001_r001_reg004,21165,17.05452943354273
UPMC_c001_v001_r001_reg004,18056,17.05452943354273
UPMC_c001_v001_r001_reg004,18020,17.05452943354273
UPMC_c001_v001_r001_reg004,20188,17.05452943354273
UPMC_c001_v001_r001_reg004,16135,14.349977135975541
UPMC_c001_v001_r001_reg004,16737,14.752241255679076
UPMC_c001_v001_r001_reg004,20848,17.05452943354273
UPMC_c001_v001_r001_reg004,17307,16.942550467909584
UPMC_c001_v001_r001_reg004,21349,17.05452943354273
UPMC_c001_v001_r001_reg004,18093,16.766197983330734
UPMC_c001_v001_r001_reg004,17113,17.05452943354273
UPMC_c001_v001_r001_reg004,19878,17.05452943354273
UPMC_c001_v001_r001_reg004,17465,16.69260699881988
UPMC_c001_v001_r001_reg004,22669,17.05452943354273
UPMC_c001_v001_r001_reg004,17103,16.150548552130285
UPMC_c001_v001_r001_reg004,16662,17.05452943354273
UPMC_c001_v001_r001_reg004,20945,16.521985338151723
UPMC_c001_v001_r001_reg004,19975,17.05452943354273
UPMC_c001_v001_r001_reg004,17316,14.63929920264727
UPMC_c001_v001_r001_reg004,18126,16.157437450310685
UPMC_c001_v001_r001_reg004,16907,15.685095712454663
UPMC_c001_v001_r001_reg004,18770,15.972188054377908
UPMC_c001_v001_r001_reg004,16264,14.739442233142679
UPMC_c001_v001_r001_reg004,16496,16.128853883914527
UPMC_c001_v001_r001_reg004,18883,17.05452943354273
UPMC_c001_v001_r001_reg004,17010,16.49503596112841
UPMC_c001_v001_r001_reg004,22619,16.572686329339607
UPMC_c001_v001_r001_reg004,19310,17.05452943354273
UPMC_c001_v001_r001_reg004,21483,17.05452943354273
UPMC_c001_v001_r001_reg004,18621,15.437710185890431
UPMC_c001_v001_r001_reg004,19052,16.714056548960137
UPMC_c001_v001_r001_reg004,17315,17.01988011140056
UPMC_c001_v001_r001_reg004,18340,17.05452943354273
UPMC_c001_v001_r001_reg004,17017,17.05452943354273
UPMC_c001_v001_r001_reg004,18290,17.05452943354273
UPMC_c001_v001_r001_reg004,19439,17.029288235380644
UPMC_c001_v001_r001_reg004,21023,17.05452943354273
UPMC_c001_v001_r001_reg004,17697,16.503969687389247
UPMC_c001_v001_r001_reg004,16330,17.05452943354273
UPMC_c001_v001_r001_reg004,22767,17.05452943354273
UPMC_c001_v001_r001_reg004,17744,16.013241730881496
UPMC_c001_v001_r001_reg004,18397,17.05452943354273
UPMC_c001_v001_r001_reg004,21316,16.977810743376722
UPMC_c001_v001_r001_reg004,16698,14.730375845045623
UPMC_c001_v001_r001_reg004,16175,15.574513580360263
UPMC_c001_v001_r001_reg004,20139,17.05452943354273
UPMC_c001_v001_r001_reg004,21576,17.05452943354273
UPMC_c001_v001_r001_reg004,20765,17.05452943354273
UPMC_c001_v001_r001_reg004,22631,17.05452943354273
UPMC_c001_v001_r001_reg004,17312,14.33885858368859
UPMC_c001_v001_r001_reg004,15819,14.40297972008694
UPMC_c001_v001_r001_reg004,17206,17.05452943354273
UPMC_c001_v001_r001_reg004,20203,17.05452943354273
UPMC_c001_v001_r001_reg004,19941,17.05452943354273
UPMC_c001_v001_r001_reg004,20719,16.49644821338272
UPMC_c001_v001_r001_reg004,20218,16.655292494475308
UPMC_c001_v001_r001_reg004,18733,17.05452943354273
UPMC_c001_v001_r001_reg004,22199,17.05452943354273
UPMC_c001_v001_r001_reg004,19680,17.05452943354273
UPMC_c001_v001_r001_reg004,21768,17.05452943354273
UPMC_c001_v001_r001_reg004,16486,14.063524362349797
UPMC_c001_v001_r001_reg004,18995,16.624082883871793
UPMC_c001_v001_r001_reg004,15887,16.969702001089797
UPMC_c001_v001_r001_reg004,22031,17.05452943354273
UPMC_c001_v001_r001_reg004,19992,17.05452943354273
UPMC_c001_v001_r001_reg004,22428,17.05452943354273
UPMC_c001_v001_r001_reg004,18565,0.0
UPMC_c001_v001_r001_reg004,22367,16.6963258958231
UPMC_c001_v001_r001_reg004,20295,17.05452943354273
UPMC_c001_v001_r001_reg004,21158,17.05452943354273
UPMC_c001_v001_r001_reg004,15843,1.1102230246251565e-16
UPMC_c001_v001_r001_reg004,21035,17.02545634697066
UPMC_c001_v001_r001_reg004,19815,17.05452943354273
UPMC_c001_v001_r001_reg004,16101,16.73147286186632
UPMC_c001_v001_r001_reg004,20500,17.05452943354273
UPMC_c001_v001_r001_reg004,19376,15.973867041433898
UPMC_c001_v001_r001_reg004,17395,16.7463075317133
UPMC_c001_v001_r001_reg004,19693,17.05452943354273
UPMC_c001_v001_r001_reg004,16556,14.289037013782954
UPMC_c001_v001_r001_reg004,21305,17.05452943354273
UPMC_c001_v001_r001_reg004,18262,17.05452943354273
UPMC_c001_v001_r001_reg004,17516,15.935487229257525
UPMC_c001_v001_r001_reg004,20547,17.05452943354273
UPMC_c001_v001_r001_reg004,16093,16.87027096374563
UPMC_c001_v001_r001_reg004,21341,17.05452943354273
UPMC_c001_v001_r001_reg004,16770,14.181064729936047
UPMC_c001_v001_r001_reg004,16089,13.843895792218069
UPMC_c001_v001_r001_reg004,21203,17.05452943354273
UPMC_c001_v001_r001_reg004,16750,16.21879426104985
UPMC_c001_v001_r001_reg004,19789,17.05452943354273
UPMC_c001_v001_r001_reg004,22147,17.05452943354273
UPMC_c001_v001_r001_reg004,16763,14.410960269216387
UPMC_c001_v001_r001_reg004,16802,16.56467952453434
UPMC_c001_v001_r001_reg004,17388,14.804359329188935
UPMC_c001_v001_r001_reg004,16204,16.463716166507794
UPMC_c001_v001_r001_reg004,18822,17.05452943354273
UPMC_c001_v001_r001_reg004,20304,16.8280008699437
UPMC_c001_v001_r001_reg004,21447,17.05452943354273
UPMC_c001_v001_r001_reg004,16919,15.954920557591848
UPMC_c001_v001_r001_reg004,16119,15.954139195224998
UPMC_c001_v001_r001_reg004,18540,16.688798101719623
UPMC_c001_v001_r001_reg004,21600,16.690440031359383
UPMC_c001_v001_r001_reg004,20448,17.05452943354273
UPMC_c001_v001_r001_reg004,18567,0.0
UPMC_c001_v001_r001_reg004,22538,17.05452943354273
UPMC_c001_v001_r001_reg004,22595,17.05452943354273
UPMC_c001_v001_r001_reg004,17497,16.94899372032118
UPMC_c001_v001_r001_reg004,16363,17.05452943354273
UPMC_c001_v001_r001_reg004,18418,17.05452943354273
UPMC_c001_v001_r001_reg004,17351,16.62395294777748
UPMC_c001_v001_r001_reg004,20870,17.05452943354273
UPMC_c001_v001_r001_reg004,17051,16.756490255674464
UPMC_c001_v001_r001_reg004,21404,17.05452943354273
UPMC_c001_v001_r001_reg004,16875,15.119696090406245
UPMC_c001_v001_r001_reg004,22546,17.05452943354273
UPMC_c001_v001_r001_reg004,16380,16.400527190359153
UPMC_c001_v001_r001_reg004,18435,16.885661864028908
UPMC_c001_v001_r001_reg004,17376,17.05452943354273
UPMC_c001_v001_r001_reg004,16965,14.901646145154272
UPMC_c001_v001_r001_reg004,18369,16.57121612998685
UPMC_c001_v001_r001_reg004,17509,16.807666689476108
UPMC_c001_v001_r001_reg004,16492,16.490062401936065
UPMC_c001_v001_r001_reg004,17059,16.445505990099594
UPMC_c001_v001_r001_reg004,18800,16.95326010493231
UPMC_c001_v001_r001_reg004,18007,16.974071545260266
UPMC_c001_v001_r001_reg004,21452,17.05452943354273
UPMC_c001_v001_r001_reg004,17278,17.05452943354273
UPMC_c001_v001_r001_reg004,21896,17.05452943354273
UPMC_c001_v001_r001_reg004,22451,0.0
UPMC_c001_v001_r001_reg004,22599,17.05452943354273
UPMC_c001_v001_r001_reg004,20008,15.331419619272658
UPMC_c001_v001_r001_reg004,18190,16.265541716080147
UPMC_c001_v001_r001_reg004,17024,16.66291824641549
UPMC_c001_v001_r001_reg004,19934,16.056045706269238
UPMC_c001_v001_r001_reg004,19609,17.05452943354273
UPMC_c001_v001_r001_reg004,18909,16.851992050960714
UPMC_c001_v001_r001_reg004,17179,15.152605088050873
UPMC_c001_v001_r001_reg004,21291,17.00781207681856
UPMC_c001_v001_r001_reg004,20337,17.05452943354273
UPMC_c001_v001_r001_reg004,16876,15.018564474265972
UPMC_c001_v001_r001_reg004,18577,17.05452943354273
UPMC_c001_v001_r001_reg004,19982,16.523999654665914
UPMC_c001_v001_r001_reg004,21783,15.65325664222483
UPMC_c001_v001_r001_reg004,21956,17.05452943354273
UPMC_c001_v001_r001_reg004,20615,17.05452943354273
UPMC_c001_v001_r001_reg004,16049,13.938291917639642
UPMC_c001_v001_r001_reg004,18025,15.933101591161561
UPMC_c001_v001_r001_reg004,22076,17.05452943354273
UPMC_c001_v001_r001_reg004,21157,0.0
UPMC_c001_v001_r001_reg004,19919,16.975101146406967
UPMC_c001_v001_r001_reg004,18875,16.20065631098295
UPMC_c001_v001_r001_reg004,20234,17.05452943354273
UPMC_c001_v001_r001_reg004,17552,16.975101146406967
UPMC_c001_v001_r001_reg004,17413,16.480916404735446
UPMC_c001_v001_r001_reg004,15905,16.919350946242997
UPMC_c001_v001_r001_reg004,17537,16.949487464354313
UPMC_c001_v001_r001_reg004,22295,17.05452943354273
UPMC_c001_v001_r001_reg004,17656,14.581145906184453
UPMC_c001_v001_r001_reg004,20950,17.05452943354273
UPMC_c001_v001_r001_reg004,16339,16.422160729599117
UPMC_c001_v001_r001_reg004,22329,17.05452943354273
UPMC_c001_v001_r001_reg004,17745,16.95421058637287
UPMC_c001_v001_r001_reg004,16195,17.05452943354273
UPMC_c001_v001_r001_reg004,20235,17.05452943354273
UPMC_c001_v001_r001_reg004,19694,17.05452943354273
UPMC_c001_v001_r001_reg004,22652,17.05452943354273
UPMC_c001_v001_r001_reg004,20282,17.05452943354273
UPMC_c001_v001_r001_reg004,19822,16.42625811472865
UPMC_c001_v001_r001_reg004,17708,16.981868848669677
UPMC_c001_v001_r001_reg004,20443,17.03990790043304
UPMC_c001_v001_r001_reg004,20807,17.05452943354273
UPMC_c001_v001_r001_reg004,19862,15.949427117972549
UPMC_c001_v001_r001_reg004,19911,16.16552973289412
UPMC_c001_v001_r001_reg004,17621,16.885661864028908
UPMC_c001_v001_r001_reg004,15921,16.689022175270807
UPMC_c001_v001_r001_reg004,18582,15.737862728928935
UPMC_c001_v001_r001_reg004,20351,17.05452943354273
UPMC_c001_v001_r001_reg004,19209,17.05452943354273
UPMC_c001_v001_r001_reg004,16792,16.448210425920955
UPMC_c001_v001_r001_reg004,20089,17.05452943354273
UPMC_c001_v001_r001_reg004,16858,15.448756583269512
UPMC_c001_v001_r001_reg004,22107,17.05452943354273
UPMC_c001_v001_r001_reg004,17643,15.992312789448752
UPMC_c001_v001_r001_reg004,20432,17.05452943354273
UPMC_c001_v001_r001_reg004,19761,16.40776526497409
UPMC_c001_v001_r001_reg004,18910,17.05452943354273
UPMC_c001_v001_r001_reg004,17852,16.74211343376614
UPMC_c001_v001_r001_reg004,15858,17.05452943354273
UPMC_c001_v001_r001_reg004,22056,17.05452943354273
UPMC_c001_v001_r001_reg004,16050,15.06421360190732
UPMC_c001_v001_r001_reg004,22820,17.05452943354273
UPMC_c001_v001_r001_reg004,16148,15.043477719696494
UPMC_c001_v001_r001_reg004,17083,16.443424899724064
UPMC_c001_v001_r001_reg004,19428,16.75296310788379
UPMC_c001_v001_r001_reg004,16882,16.106971491338523
UPMC_c001_v001_r001_reg004,21005,17.05452943354273
UPMC_c001_v001_r001_reg004,21476,17.05452943354273
UPMC_c001_v001_r001_reg004,16392,14.469440129399386
UPMC_c001_v001_r001_reg004,18216,17.05452943354273
UPMC_c001_v001_r001_reg004,18884,17.05452943354273
UPMC_c001_v001_r001_reg004,20789,13.986845325145868
UPMC_c001_v001_r001_reg004,17052,15.998600667793498
UPMC_c001_v001_r001_reg004,17778,16.233510676261695
UPMC_c001_v001_r001_reg004,20593,17.05452943354273
UPMC_c001_v001_r001_reg004,21972,0.0
UPMC_c001_v001_r001_reg004,15954,13.803239155116577
UPMC_c001_v001_r001_reg004,18534,17.05452943354273
UPMC_c001_v001_r001_reg004,21500,15.93018347573264
UPMC_c001_v001_r001_reg004,16775,16.771004408502417
UPMC_c001_v001_r001_reg004,16473,15.968170687370678
UPMC_c001_v001_r001_reg004,20845,16.356454355533767
UPMC_c001_v001_r001_reg004,19767,16.66615656980031
UPMC_c001_v001_r001_reg004,20876,17.05452943354273
UPMC_c001_v001_r001_reg004,18961,17.05452943354273
UPMC_c001_v001_r001_reg004,17899,17.05452943354273
UPMC_c001_v001_r001_reg004,21708,17.05452943354273
UPMC_c001_v001_r001_reg004,17191,13.9193182691602
UPMC_c001_v001_r001_reg004,16561,15.80696781683277
UPMC_c001_v001_r001_reg004,17233,15.990279574101605
UPMC_c001_v001_r001_reg004,20292,0.0
UPMC_c001_v001_r001_reg004,22156,17.05452943354273
UPMC_c001_v001_r001_reg004,21210,17.05452943354273
UPMC_c001_v001_r001_reg004,16837,14.357218336976436
UPMC_c001_v001_r001_reg004,22435,17.05452943354273
UPMC_c001_v001_r001_reg004,19300,17.05452943354273
UPMC_c001_v001_r001_reg004,16619,15.294497883929072
UPMC_c001_v001_r001_reg004,17735,17.05452943354273
UPMC_c001_v001_r001_reg004,19603,17.05452943354273
UPMC_c001_v001_r001_reg004,21060,17.05452943354273
UPMC_c001_v001_r001_reg004,21132,17.05452943354273
UPMC_c001_v001_r001_reg004,17482,15.385855853235118
UPMC_c001_v001_r001_reg004,16892,16.93812818918161
UPMC_c001_v001_r001_reg004,17940,15.982283133027563
UPMC_c001_v001_r001_reg004,20204,16.91549326289436
UPMC_c001_v001_r001_reg004,18143,15.788682495697518
UPMC_c001_v001_r001_reg004,18154,17.05452943354273
UPMC_c001_v001_r001_reg004,15835,17.05452943354273
UPMC_c001_v001_r001_reg004,17450,16.073663468585494
UPMC_c001_v001_r001_reg004,20162,17.05452943354273
UPMC_c001_v001_r001_reg004,15832,16.75296310788379
UPMC_c001_v001_r001_reg004,17952,14.775796201335773
UPMC_c001_v001_r001_reg004,17086,15.138605568731103
UPMC_c001_v001_r001_reg004,22807,17.05452943354273
UPMC_c001_v001_r001_reg004,18464,17.05452943354273
UPMC_c001_v001_r001_reg004,18241,16.907378410533074
UPMC_c001_v001_r001_reg004,17677,14.849498536300164
UPMC_c001_v001_r001_reg004,20912,16.326573246767026
UPMC_c001_v001_r001_reg004,19427,16.398279549834662
UPMC_c001_v001_r001_reg004,21041,17.03277528935332
UPMC_c001_v001_r001_reg004,20134,17.05452943354273
UPMC_c001_v001_r001_reg004,19521,16.004682038303795
UPMC_c001_v001_r001_reg004,16129,16.82145440405873
UPMC_c001_v001_r001_reg004,22354,17.05452943354273
UPMC_c001_v001_r001_reg004,17868,16.717196314655673
UPMC_c001_v001_r001_reg004,17041,16.487464798198925
UPMC_c001_v001_r001_reg004,20422,17.05452943354273
UPMC_c001_v001_r001_reg004,18922,16.50593963420781
UPMC_c001_v001_r001_reg004,21076,17.05452943354273
UPMC_c001_v001_r001_reg004,18306,15.331773909036418
UPMC_c001_v001_r001_reg004,20101,17.05452943354273
UPMC_c001_v001_r001_reg004,20036,17.05452943354273
UPMC_c001_v001_r001_reg004,18309,17.05452943354273
UPMC_c001_v001_r001_reg009,43442,9.290174197928431
UPMC_c001_v001_r001_reg009,46136,9.630146438307447
UPMC_c001_v001_r001_reg009,47731,0.0
UPMC_c001_v001_r001_reg009,43090,4.815011249773716
UPMC_c001_v001_r001_reg009,45189,0.0
UPMC_c001_v001_r001_reg009,47310,4.840205943053737
UPMC_c001_v001_r001_reg009,45513,0.0
UPMC_c001_v001_r001_reg009,43582,1.3108970009229493
UPMC_c001_v001_r001_reg009,44923,8.961919138496112
UPMC_c001_v001_r001_reg009,47678,1.274965414945374
UPMC_c001_v001_r001_reg009,43885,2.341654826916471
UPMC_c001_v001_r001_reg009,47822,0.7712626338647838
UPMC_c001_v001_r001_reg009,47856,3.608057438481928
UPMC_c001_v001_r001_reg009,46834,9.011168559825908
UPMC_c001_v001_r001_reg009,45530,0.0
UPMC_c001_v001_r001_reg009,45444,9.663574680166471
UPMC_c001_v001_r001_reg009,44912,9.317472669528145
UPMC_c001_v001_r001_reg009,46317,11.190879205241979
UPMC_c001_v001_r001_reg009,42720,9.264850268170767
UPMC_c001_v001_r001_reg009,47640,0.0
UPMC_c001_v001_r001_reg009,47921,17.05452943354273
UPMC_c001_v001_r001_reg009,46025,9.28572929747593
UPMC_c001_v001_r001_reg009,48127,5.107772661897577
UPMC_c001_v001_r001_reg009,47834,16.396746168122775
UPMC_c001_v001_r001_reg009,43652,1.7146382486669136
UPMC_c001_v001_r001_reg009,43232,2.6525852450075176
UPMC_c001_v001_r001_reg009,45850,9.69934174574764
UPMC_c001_v001_r001_reg009,45177,4.8713472057484495
UPMC_c001_v001_r001_reg009,46107,4.431290979379461
UPMC_c001_v001_r001_reg009,47995,3.9912654683144018
UPMC_c001_v001_r001_reg009,43747,3.454593201031377
UPMC_c001_v001_r001_reg009,43096,3.044722640590833
UPMC_c001_v001_r001_reg009,47714,3.5831356239245684
UPMC_c001_v001_r001_reg009,46665,16.277982676537352
UPMC_c001_v001_r001_reg009,48574,0.7769865532368813
UPMC_c001_v001_r001_reg009,47681,1.0624918711409335
UPMC_c001_v001_r001_reg009,43990,15.983198935568016
UPMC_c001_v001_r001_reg009,46591,1.1102230246251565e-16
UPMC_c001_v001_r001_reg009,47896,4.596427664315726
UPMC_c001_v001_r001_reg009,43400,3.874084040955448
UPMC_c001_v001_r001_reg009,47519,4.825892179218938
UPMC_c001_v001_r001_reg009,43039,13.508607518115006
UPMC_c001_v001_r001_reg009,47197,0.33868408375398923
UPMC_c001_v001_r001_reg009,43083,1.6807860187782753
UPMC_c001_v001_r001_reg009,45562,0.0
UPMC_c001_v001_r001_reg009,43778,8.828171769852714
UPMC_c001_v001_r001_reg009,47264,0.4078211177537447
UPMC_c001_v001_r001_reg009,45975,3.9656810497696036
UPMC_c001_v001_r001_reg009,42881,1.7616366272240782
UPMC_c001_v001_r001_reg009,45568,9.015562503218627
UPMC_c001_v001_r001_reg009,45472,0.0
UPMC_c001_v001_r001_reg009,47200,1.5560391472123787
UPMC_c001_v001_r001_reg009,43895,8.866432292609613
UPMC_c001_v001_r001_reg009,47699,4.074519997748408
UPMC_c001_v001_r001_reg009,45410,0.0
UPMC_c001_v001_r001_reg009,43056,1.1102230246251565e-16
UPMC_c001_v001_r001_reg009,43384,2.031504157273248
UPMC_c001_v001_r001_reg009,45138,0.0
UPMC_c001_v001_r001_reg009,42577,11.577301527612198
UPMC_c001_v001_r001_reg009,47999,4.391016038632143
UPMC_c001_v001_r001_reg009,44130,16.402510802190115
UPMC_c001_v001_r001_reg009,45729,9.931695329006846
UPMC_c001_v001_r001_reg009,43291,6.593005911014337
UPMC_c001_v001_r001_reg009,48201,3.9247622375659335
UPMC_c001_v001_r001_reg009,45696,4.520005900615505
UPMC_c001_v001_r001_reg009,43489,0.47201478458674856
UPMC_c001_v001_r001_reg009,47042,1.3537404218650295
UPMC_c001_v001_r001_reg009,44730,4.994769299769787
UPMC_c001_v001_r001_reg009,47348,1.272085956390269
UPMC_c001_v001_r001_reg009,43662,3.9891648807563005
UPMC_c001_v001_r001_reg009,43861,0.0
UPMC_c001_v001_r001_reg009,45173,3.296183963023748
UPMC_c001_v001_r001_reg009,43351,0.4160451119914731
UPMC_c001_v001_r001_reg009,43901,15.17673723723657
UPMC_c001_v001_r001_reg009,48635,17.05452943354273
UPMC_c001_v001_r001_reg009,43040,0.0
UPMC_c001_v001_r001_reg009,42574,0.509828288915312
UPMC_c001_v001_r001_reg009,42668,4.60717193999795
UPMC_c001_v001_r001_reg009,47905,0.0
UPMC_c001_v001_r001_reg009,43922,4.272826922396976
UPMC_c001_v001_r001_reg009,44626,5.013899934181101
UPMC_c001_v001_r001_reg009,48334,1.4338728795655047
UPMC_c001_v001_r001_reg009,48667,4.96259353984498
UPMC_c001_v001_r001_reg009,46130,8.811526263577537
UPMC_c001_v001_r001_reg009,47184,2.2387720398121105
UPMC_c001_v001_r001_reg009,46297,11.605763191442012
UPMC_c001_v001_r001_reg009,45682,0.16077979843340223
UPMC_c001_v001_r001_reg009,46351,3.3055756092225184
UPMC_c001_v001_r001_reg009,45642,11.06434574180324
UPMC_c001_v001_r001_reg009,47556,4.6593346426867095
UPMC_c001_v001_r001_reg009,44067,5.011505500140542
UPMC_c001_v001_r001_reg009,45485,11.073619884110574
UPMC_c001_v001_r001_reg009,43753,3.6181305680849265
UPMC_c001_v001_r001_reg009,48554,0.48076105670975666
UPMC_c001_v001_r001_reg009,43880,1.1102230246251565e-16
UPMC_c001_v001_r001_reg009,47944,5.103070095046389
UPMC_c001_v001_r001_reg009,48206,9.066070705093956
UPMC_c001_v001_r001_reg009,43577,1.9682324851168083
UPMC_c001_v001_r001_reg009,46398,17.05452943354273
UPMC_c001_v001_r001_reg009,43087,0.0
UPMC_c001_v001_r001_reg009,47595,4.3122209613017315
UPMC_c001_v001_r001_reg009,42947,2.90617866644753
UPMC_c001_v001_r001_reg009,47435,16.2861746452597
UPMC_c001_v001_r001_reg009,46891,13.074444706051121
UPMC_c001_v001_r001_reg009,45823,8.66541573728027
UPMC_c001_v001_r001_reg009,45081,9.122836578365714
UPMC_c001_v001_r001_reg009,43113,9.079291266145708
UPMC_c001_v001_r001_reg009,43252,1.674175125650046
UPMC_c001_v001_r001_reg009,46693,0.905199499310215
UPMC_c001_v001_r001_reg009,44778,3.467062515922342
UPMC_c001_v001_r001_reg009,45438,0.5570715440848281
UPMC_c001_v001_r001_reg009,48292,5.0662707830969085
UPMC_c001_v001_r001_reg009,43935,0.0
UPMC_c001_v001_r001_reg009,46636,0.0
UPMC_c001_v001_r001_reg009,47521,0.0
UPMC_c001_v001_r001_reg009,43418,1.734253694201936
UPMC_c001_v001_r001_reg009,47906,0.0
UPMC_c001_v001_r001_reg009,47691,0.0
UPMC_c001_v001_r001_reg009,47803,4.6387860066845725
UPMC_c001_v001_r001_reg009,48588,4.005961125230701
UPMC_c001_v001_r001_reg009,43126,8.489287311795051
UPMC_c001_v001_r001_reg009,47432,0.0
UPMC_c001_v001_r001_reg009,46007,9.236118656135137
UPMC_c001_v001_r001_reg009,42681,0.2316170010380669
UPMC_c001_v001_r001_reg009,48121,17.05452943354273
UPMC_c001_v001_r001_reg009,46428,12.748044304296906
UPMC_c001_v001_r001_reg009,48210,2.6015020650686105
UPMC_c001_v001_r001_reg009,43493,4.693773229302384
UPMC_c001_v001_r001_reg009,43294,1.1102230246251565e-16
UPMC_c001_v001_r001_reg009,43227,0.0
UPMC_c001_v001_r001_reg009,46451,3.400288434748058
UPMC_c001_v001_r001_reg009,43240,1.2749903082941405
UPMC_c001_v001_r001_reg009,43964,4.8939329851535955
UPMC_c001_v001_r001_reg009,47268,3.3142283666953327
UPMC_c001_v001_r001_reg009,47488,2.701818081866968
UPMC_c001_v001_r001_reg009,46419,11.308717892782335
UPMC_c001_v001_r001_reg009,48562,2.1459606330719048
UPMC_c001_v001_r001_reg009,43443,1.953000713880328
UPMC_c001_v001_r001_reg009,46024,6.136059212714535
UPMC_c001_v001_r001_reg009,47858,4.774486145413709
UPMC_c001_v001_r001_reg009,42857,8.352014267987073
UPMC_c001_v001_r001_reg009,46254,0.0
UPMC_c001_v001_r001_reg009,44465,4.600915552229454
UPMC_c001_v001_r001_reg009,45798,2.797409383765276
UPMC_c001_v001_r001_reg009,44566,15.905494018408014
UPMC_c001_v001_r001_reg009,45281,8.601343696651895
UPMC_c001_v001_r001_reg009,43870,16.856829743957658
UPMC_c001_v001_r001_reg009,48097,0.1464865382352039
UPMC_c001_v001_r001_reg009,46899,4.789943296350075
UPMC_c001_v001_r001_reg009,42723,5.063842135667134
UPMC_c001_v001_r001_reg009,47512,3.8436616374019037
UPMC_c001_v001_r001_reg009,46850,0.42152015047505176
UPMC_c001_v001_r001_reg009,47441,3.301818095037687
UPMC_c001_v001_r001_reg009,45807,9.318242562744858
UPMC_c001_v001_r001_reg009,44580,1.375119062559373
UPMC_c001_v001_r001_reg009,45492,8.670231790745003
UPMC_c001_v001_r001_reg009,46559,11.254616476880965
UPMC_c001_v001_r001_reg009,44015,3.239663676682028
UPMC_c001_v001_r001_reg009,43660,9.217209414612125
UPMC_c001_v001_r001_reg009,43305,0.45945026336181666
UPMC_c001_v001_r001_reg009,44516,0.0
UPMC_c001_v001_r001_reg009,45023,5.33037511093804
UPMC_c001_v001_r001_reg009,45969,3.8811329711504348
UPMC_c001_v001_r001_reg009,46593,10.961090469762109
UPMC_c001_v001_r001_reg009,45405,8.675690859454269
UPMC_c001_v001_r001_reg009,42649,0.0
UPMC_c001_v001_r001_reg009,44996,4.440892098500626e-16
UPMC_c001_v001_r001_reg009,48675,0.23528187603088932
UPMC_c001_v001_r001_reg009,43982,13.335702662847865
UPMC_c001_v001_r001_reg009,47522,0.6362545698693398
UPMC_c001_v001_r001_reg009,42888,0.5063411445433424
UPMC_c001_v001_r001_reg009,43722,1.1077634134395944
UPMC_c001_v001_r001_reg009,45589,1.3060088485558778
UPMC_c001_v001_r001_reg009,45915,9.640011975905663
UPMC_c001_v001_r001_reg009,43354,0.0
UPMC_c001_v001_r001_reg009,43966,15.985071411184578
UPMC_c001_v001_r001_reg009,46207,11.095232887931257
UPMC_c001_v001_r001_reg009,43694,3.6378332180669255
UPMC_c001_v001_r001_reg009,46365,0.4510009041375725
UPMC_c001_v001_r001_reg009,43531,4.16900222289206
UPMC_c001_v001_r001_reg009,47299,0.3094982240781241
UPMC_c001_v001_r001_reg009,43807,5.050479883545495
UPMC_c001_v001_r001_reg009,43257,2.861060832474473
UPMC_c001_v001_r001_reg009,48025,9.184562237529965
UPMC_c001_v001_r001_reg009,44886,0.44355643453530785
UPMC_c001_v001_r001_reg009,48729,2.2707710219814548
UPMC_c001_v001_r001_reg009,46592,3.359987007570107
UPMC_c001_v001_r001_reg009,47879,0.4230778892704312
UPMC_c001_v001_r001_reg009,44581,4.962208377230469
UPMC_c001_v001_r001_reg009,47233,2.493603951409474
UPMC_c001_v001_r001_reg009,47967,4.889243493596358
UPMC_c001_v001_r001_reg009,46315,8.412238038769718
UPMC_c001_v001_r001_reg009,46162,4.280017427754115
UPMC_c001_v001_r001_reg009,44084,5.022944748608375
UPMC_c001_v001_r001_reg009,44628,0.0
UPMC_c001_v001_r001_reg009,43082,1.1102230246251565e-16
UPMC_c001_v001_r001_reg009,46999,8.73666525830603
UPMC_c001_v001_r001_reg009,45753,1.546914632447567
UPMC_c001_v001_r001_reg009,45716,5.439636064604424
UPMC_c001_v001_r001_reg009,46928,0.0
UPMC_c001_v001_r001_reg009,43271,2.797409383765276
UPMC_c001_v001_r001_reg009,43233,13.941577463614125
UPMC_c001_v001_r001_reg009,47336,0.5840196634805086
UPMC_c001_v001_r001_reg009,47446,9.292888770381659
UPMC_c001_v001_r001_reg009,46081,3.0190610990877254
UPMC_c001_v001_r001_reg009,45149,17.05452943354273
UPMC_c001_v001_r001_reg009,47091,5.073350504316724
UPMC_c001_v001_r001_reg009,45225,4.96770638591346
UPMC_c001_v001_r001_reg009,45536,10.9815899890531
UPMC_c001_v001_r001_reg009,45458,0.0
UPMC_c001_v001_r001_reg009,45306,12.450690206446874
UPMC_c001_v001_r001_reg009,43464,0.5924447977762348
UPMC_c001_v001_r001_reg009,48028,0.0
UPMC_c001_v001_r001_reg009,43127,3.687941691223423
UPMC_c001_v001_r001_reg009,44420,1.4974432382192508
UPMC_c001_v001_r001_reg009,42592,5.1397215359987936
UPMC_c001_v001_r001_reg009,47789,0.8922440881178882
UPMC_c001_v001_r001_reg009,47568,2.797142966993034
UPMC_c001_v001_r001_reg009,48359,0.3540098327645086
UPMC_c001_v001_r001_reg009,44637,4.597440365356922
UPMC_c001_v001_r001_reg009,43702,3.5029502481239367
UPMC_c001_v001_r001_reg009,45501,17.05452943354273
UPMC_c001_v001_r001_reg009,46649,9.340029406378928
UPMC_c001_v001_r001_reg009,43394,9.331573199659157
UPMC_c001_v001_r001_reg009,48524,17.009060933663374
UPMC_c001_v001_r001_reg009,47671,5.036583419777216
UPMC_c001_v001_r001_reg009,43280,0.7312455456085118
UPMC_c001_v001_r001_reg009,47292,1.3984689827762824
UPMC_c001_v001_r001_reg009,42846,8.937970601276579
UPMC_c001_v001_r001_reg009,47163,0.0
UPMC_c001_v001_r001_reg009,47793,3.934223690148444
UPMC_c001_v001_r001_reg009,45477,6.7979006069158014
UPMC_c001_v001_r001_reg009,45914,0.8545030048951352
UPMC_c001_v001_r001_reg009,47360,0.18708383213038143
UPMC_c001_v001_r001_reg009,47450,3.8808294028018357
UPMC_c001_v001_r001_reg009,46725,2.5566323894119
UPMC_c001_v001_r001_reg009,47927,1.0445212563289088
UPMC_c001_v001_r001_reg009,46326,0.5961698959591979
UPMC_c001_v001_r001_reg009,48480,4.426852944926848
UPMC_c001_v001_r001_reg009,44645,1.3208006487597628
UPMC_c001_v001_r001_reg009,42712,0.0
UPMC_c001_v001_r001_reg009,47040,9.279452148600976
UPMC_c001_v001_r001_reg009,45449,11.190859918017672
UPMC_c001_v001_r001_reg009,45424,9.478639596360814
UPMC_c001_v001_r001_reg009,43053,2.7928263340954054
UPMC_c001_v001_r001_reg009,46841,0.0
UPMC_c001_v001_r001_reg009,48686,0.22623635416922144
UPMC_c001_v001_r001_reg009,46203,2.2679458978444975
UPMC_c001_v001_r001_reg009,42933,5.249233863903886
UPMC_c001_v001_r001_reg009,46935,0.7124677153813102
UPMC_c001_v001_r001_reg009,48268,3.7691597225264606
UPMC_c001_v001_r001_reg009,44046,4.959164139855732
UPMC_c001_v001_r001_reg009,46433,2.670115945860649
UPMC_c001_v001_r001_reg009,43604,0.2291044623393266
UPMC_c001_v001_r001_reg009,46783,5.925499294137016
UPMC_c001_v001_r001_reg009,47827,0.0
UPMC_c001_v001_r001_reg014,72390,3.620342624349773
UPMC_c001_v001_r001_reg014,68201,17.05452943354273
UPMC_c001_v001_r001_reg014,69332,3.5765713995878916
UPMC_c001_v001_r001_reg014,68654,1.2591457795123189
UPMC_c001_v001_r001_reg014,68326,9.301419284359898
UPMC_c001_v001_r001_reg014,73069,9.056322724060639
UPMC_c001_v001_r001_reg014,70940,15.803899090368558
UPMC_c001_v001_r001_reg014,73004,2.414666981338117
UPMC_c001_v001_r001_reg014,70109,1.7531453120297205
UPMC_c001_v001_r001_reg014,69710,14.98984875562725
UPMC_c001_v001_r001_reg014,70457,15.795741654594384
UPMC_c001_v001_r001_reg014,68311,13.699685704339153
UPMC_c001_v001_r001_reg014,69370,1.1102230246251565e-16
UPMC_c001_v001_r001_reg014,67069,8.689405813380878
UPMC_c001_v001_r001_reg014,70566,17.05452943354273
UPMC_c001_v001_r001_reg014,68873,0.0
UPMC_c001_v001_r001_reg014,72109,14.657243117515309
UPMC_c001_v001_r001_reg014,70988,15.272196891286749
UPMC_c001_v001_r001_reg014,73045,17.05452943354273
UPMC_c001_v001_r001_reg014,68979,15.28699875662185
UPMC_c001_v001_r001_reg014,67905,6.9241470483658345
UPMC_c001_v001_r001_reg014,66967,1.0630945404470895
UPMC_c001_v001_r001_reg014,70409,2.629686662013013
UPMC_c001_v001_r001_reg014,68505,8.714938447260586
UPMC_c001_v001_r001_reg014,66904,2.3544636345698042
UPMC_c001_v001_r001_reg014,69941,0.17264610081602413
UPMC_c001_v001_r001_reg014,70218,14.773794264522362
UPMC_c001_v001_r001_reg014,70418,0.9696265999296404
UPMC_c001_v001_r001_reg014,70780,8.511799986726711
UPMC_c001_v001_r001_reg014,68609,0.4166219850342211
UPMC_c001_v001_r001_reg014,67537,6.141229305117851
UPMC_c001_v001_r001_reg014,67150,8.633365417930092
UPMC_c001_v001_r001_reg014,72210,14.827027485975533
UPMC_c001_v001_r001_reg014,67736,2.043174102525923
UPMC_c001_v001_r001_reg014,69581,13.422754125157974
UPMC_c001_v001_r001_reg014,72116,15.801165531845143
UPMC_c001_v001_r001_reg014,69833,1.243536424921675
UPMC_c001_v001_r001_reg014,68159,13.17272397843872
UPMC_c001_v001_r001_reg014,69410,0.292504341657176
UPMC_c001_v001_r001_reg014,72317,2.6090222643097687
UPMC_c001_v001_r001_reg014,66975,8.114219428361672
UPMC_c001_v001_r001_reg014,69880,1.4855339477173102
UPMC_c001_v001_r001_reg014,71861,15.534358189472826
UPMC_c001_v001_r001_reg014,72765,0.2976236391867221
UPMC_c001_v001_r001_reg014,69803,4.2306232449857415
UPMC_c001_v001_r001_reg014,70838,15.282511521358378
UPMC_c001_v001_r001_reg014,68043,16.145829315640682
UPMC_c001_v001_r001_reg014,72751,2.0392864891973406
UPMC_c001_v001_r001_reg014,70249,14.877836053153954
UPMC_c001_v001_r001_reg014,68905,16.290835067799797
UPMC_c001_v001_r001_reg014,73414,17.05452943354273
UPMC_c001_v001_r001_reg014,70498,13.01964037654219
UPMC_c001_v001_r001_reg014,68764,17.05452943354273
UPMC_c001_v001_r001_reg014,72654,6.87387478250001
UPMC_c001_v001_r001_reg014,67003,0.19859648915759548
UPMC_c001_v001_r001_reg014,70886,17.05452943354273
UPMC_c001_v001_r001_reg014,70144,14.710465761790147
UPMC_c001_v001_r001_reg014,69912,15.609844576819299
UPMC_c001_v001_r001_reg014,71080,17.05452943354273
UPMC_c001_v001_r001_reg014,69672,12.018327776425226
UPMC_c001_v001_r001_reg014,70116,1.1102230246251565e-16
UPMC_c001_v001_r001_reg014,67720,0.2795289946434342
UPMC_c001_v001_r001_reg014,69763,14.92726360074372
UPMC_c001_v001_r001_reg014,67516,2.723888364352896
UPMC_c001_v001_r001_reg014,68573,0.050543639305325315
UPMC_c001_v001_r001_reg014,69436,12.050239039547979
UPMC_c001_v001_r001_reg014,69387,3.943983782128009
UPMC_c001_v001_r001_reg014,68574,1.4247966170190147
UPMC_c001_v001_r001_reg014,68697,16.98931818211461
UPMC_c001_v001_r001_reg014,73118,8.75855248103972
UPMC_c001_v001_r001_reg014,69529,2.657995254351702
UPMC_c001_v001_r001_reg014,71567,8.679060992220341
UPMC_c001_v001_r001_reg014,70031,0.5124480373660478
UPMC_c001_v001_r001_reg014,69677,1.1102230246251565e-16
UPMC_c001_v001_r001_reg014,72409,3.8748337000864987
UPMC_c001_v001_r001_reg014,69564,17.05452943354273
UPMC_c001_v001_r001_reg014,70035,0.580364913906853
UPMC_c001_v001_r001_reg014,68946,15.124158791546256
UPMC_c001_v001_r001_reg014,69172,15.688536872318192
UPMC_c001_v001_r001_reg014,72082,5.734866736816232
UPMC_c001_v001_r001_reg014,71030,8.36815023955948
UPMC_c001_v001_r001_reg014,71294,8.784440530376159
UPMC_c001_v001_r001_reg014,67415,0.25485691228409396
UPMC_c001_v001_r001_reg014,67822,8.52003494239551
UPMC_c001_v001_r001_reg014,68492,0.24843866388823155
UPMC_c001_v001_r001_reg014,69057,0.6656463301614477
UPMC_c001_v001_r001_reg014,67858,4.071293683072047
UPMC_c001_v001_r001_reg014,72786,6.4827084608848375
UPMC_c001_v001_r001_reg014,67867,1.205665171227687
UPMC_c001_v001_r001_reg014,68924,8.67099895819316
UPMC_c001_v001_r001_reg014,67830,14.347648601727775
UPMC_c001_v001_r001_reg014,68158,1.1102230246251565e-16
UPMC_c001_v001_r001_reg014,70243,0.921344582532476
UPMC_c001_v001_r001_reg014,71872,17.05452943354273
UPMC_c001_v001_r001_reg014,68506,4.319125711976289
UPMC_c001_v001_r001_reg014,73123,3.9796455817343164
UPMC_c001_v001_r001_reg014,68170,2.390090489453092
UPMC_c001_v001_r001_reg014,72255,3.0537748655470276
UPMC_c001_v001_r001_reg014,67171,7.81025931118684
UPMC_c001_v001_r001_reg014,67997,0.44855295541555673
UPMC_c001_v001_r001_reg014,73200,17.05452943354273
UPMC_c001_v001_r001_reg014,67276,15.08646312831833
UPMC_c001_v001_r001_reg014,67594,2.3641044915499405
UPMC_c001_v001_r001_reg014,68763,17.04458678379544
UPMC_c001_v001_r001_reg014,71621,17.05452943354273
UPMC_c001_v001_r001_reg014,68437,3.908509553451738
UPMC_c001_v001_r001_reg014,71206,15.114117996165303
UPMC_c001_v001_r001_reg014,72142,14.2370374009853
UPMC_c001_v001_r001_reg014,68504,16.38967686082611
UPMC_c001_v001_r001_reg014,69323,3.670496711157978
UPMC_c001_v001_r001_reg014,70257,0.4861377764239585
UPMC_c001_v001_r001_reg014,67305,8.293697512801574
UPMC_c001_v001_r001_reg014,70200,0.6148712087289637
UPMC_c001_v001_r001_reg014,68876,14.958287745121627
UPMC_c001_v001_r001_reg014,71131,17.05452943354273
UPMC_c001_v001_r001_reg014,71309,16.987850242507466
UPMC_c001_v001_r001_reg014,66932,6.0889011644026825
UPMC_c001_v001_r001_reg014,72277,4.307095605785884
UPMC_c001_v001_r001_reg014,69022,15.237721702356701
UPMC_c001_v001_r001_reg014,71562,15.806923980373831
UPMC_c001_v001_r001_reg014,68120,14.777428493475849
UPMC_c001_v001_r001_reg014,69981,0.5323074104108105
UPMC_c001_v001_r001_reg014,73046,15.634649363731649
UPMC_c001_v001_r001_reg014,67039,7.997117134744477
UPMC_c001_v001_r001_reg014,71773,15.407374419512259
UPMC_c001_v001_r001_reg014,70576,15.61837189301003
UPMC_c001_v001_r001_reg014,69687,0.0
UPMC_c001_v001_r001_reg014,69103,8.795231717099584
UPMC_c001_v001_r001_reg014,69428,17.05452943354273
UPMC_c001_v001_r001_reg014,69778,3.861408410876863
UPMC_c001_v001_r001_reg014,73062,8.540110710375048
UPMC_c001_v001_r001_reg014,66903,2.6525852450075176
UPMC_c001_v001_r001_reg014,68194,16.325118775719773
UPMC_c001_v001_r001_reg014,68616,2.565466608631695
UPMC_c001_v001_r001_reg014,72927,3.6443832756795937
UPMC_c001_v001_r001_reg014,72633,3.5656997383675186
UPMC_c001_v001_r001_reg014,68723,15.095681926796637
UPMC_c001_v001_r001_reg014,68631,1.0598023922847715
UPMC_c001_v001_r001_reg014,68557,14.791292719006156
UPMC_c001_v001_r001_reg014,73370,0.22663122268692418
UPMC_c001_v001_r001_reg014,68559,8.453267888049862
UPMC_c001_v001_r001_reg014,68301,0.30418084477005625
UPMC_c001_v001_r001_reg014,67832,8.783244800401537
UPMC_c001_v001_r001_reg014,72780,11.808481896006779
UPMC_c001_v001_r001_reg014,68174,0.12616032469151364
UPMC_c001_v001_r001_reg014,69120,12.084780062995922
UPMC_c001_v001_r001_reg014,69043,17.05452943354273
UPMC_c001_v001_r001_reg014,69271,0.8322971874019988
UPMC_c001_v001_r001_reg014,72184,1.7952549497236763
UPMC_c001_v001_r001_reg014,70821,15.783136379134204
UPMC_c001_v001_r001_reg014,69314,0.6720014379751621
UPMC_c001_v001_r001_reg014,69735,17.05452943354273
UPMC_c001_v001_r001_reg014,67869,2.481324993200915
UPMC_c001_v001_r001_reg014,70057,2.730262819192537
UPMC_c001_v001_r001_reg014,68786,15.21094483223784
UPMC_c001_v001_r001_reg014,71277,0.9255114019979949
UPMC_c001_v001_r001_reg014,68874,8.099182127164049
UPMC_c001_v001_r001_reg014,69176,1.4831506165579054
UPMC_c001_v001_r001_reg014,69341,6.9035139238814
UPMC_c001_v001_r001_reg014,67258,8.630101939659298
UPMC_c001_v001_r001_reg014,72339,0.3721361522713694
UPMC_c001_v001_r001_reg014,70026,4.0693559989597174
UPMC_c001_v001_r001_reg014,72193,8.401438423652325
UPMC_c001_v001_r001_reg014,71243,16.50658388565921
UPMC_c001_v001_r001_reg014,69790,8.09457696404995
UPMC_c001_v001_r001_reg014,72503,2.8827938046656225
UPMC_c001_v001_r001_reg014,73084,7.3691458529998375
UPMC_c001_v001_r001_reg014,67776,8.793551386268588
UPMC_c001_v001_r001_reg014,69082,15.931486523738744
UPMC_c001_v001_r001_reg014,72540,3.637170820360407
UPMC_c001_v001_r001_reg014,70398,1.2381599113254926
UPMC_c001_v001_r001_reg014,70380,16.135572970598318
UPMC_c001_v001_r001_reg014,67012,8.878719601930033
UPMC_c001_v001_r001_reg014,67703,8.519700131754561
UPMC_c001_v001_r001_reg014,70430,15.220389936903338
UPMC_c001_v001_r001_reg014,69447,2.072907860725614
UPMC_c001_v001_r001_reg014,72973,17.05452943354273
UPMC_c001_v001_r001_reg014,73265,13.08354584588764
UPMC_c001_v001_r001_reg014,70538,12.286756699617671
UPMC_c001_v001_r001_reg014,68688,15.89938892973077
UPMC_c001_v001_r001_reg014,72679,14.825039535988363
UPMC_c001_v001_r001_reg014,68541,15.47301206980429
UPMC_c001_v001_r001_reg014,68440,14.16741364604217
UPMC_c001_v001_r001_reg014,69479,17.05452943354273
UPMC_c001_v001_r001_reg014,67924,8.374718583574476
UPMC_c001_v001_r001_reg014,70424,15.311807449116023
UPMC_c001_v001_r001_reg014,68076,13.42932147146509
UPMC_c001_v001_r001_reg014,69679,14.748147479509303
UPMC_c001_v001_r001_reg014,72243,3.096447487697758
UPMC_c001_v001_r001_reg014,71761,13.859934919945946
UPMC_c001_v001_r001_reg014,68942,1.1102230246251565e-16
UPMC_c001_v001_r001_reg014,68036,17.05452943354273
UPMC_c001_v001_r001_reg014,68983,1.1416279335975734
UPMC_c001_v001_r001_reg014,72201,15.626911955035107
UPMC_c001_v001_r001_reg014,70056,1.1102230246251565e-16
UPMC_c001_v001_r001_reg014,73010,2.7521756344905057
UPMC_c001_v001_r001_reg014,69027,14.83699636091568
UPMC_c001_v001_r001_reg014,68871,3.491507589725718
UPMC_c001_v001_r001_reg014,68128,15.778352489045274
UPMC_c001_v001_r001_reg014,72691,1.172127624008184
UPMC_c001_v001_r001_reg014,68531,0.6215705081993395
UPMC_c001_v001_r001_reg014,72244,0.9845533897571811
UPMC_c001_v001_r001_reg014,72783,14.859996426209708
UPMC_c001_v001_r001_reg014,69923,1.18005050286349
UPMC_c001_v001_r001_reg014,70033,12.455750153789307
UPMC_c001_v001_r001_reg014,67162,12.691686931130684
UPMC_c001_v001_r001_reg014,66986,6.049500523742252
UPMC_c001_v001_r001_reg014,70351,1.0819312321857504
UPMC_c001_v001_r001_reg014,72166,4.331821094451001
UPMC_c001_v001_r001_reg014,70794,5.930316276187332
UPMC_c001_v001_r001_reg014,73379,0.3350594550152429
UPMC_c001_v001_r001_reg014,68842,3.481623981544675
UPMC_c001_v001_r001_reg014,66889,8.62389631405704
UPMC_c001_v001_r001_reg014,72768,0.2894778011350223
UPMC_c001_v001_r001_reg014,69501,8.012564564146524
UPMC_c001_v001_r001_reg014,68569,17.05452943354273
UPMC_c001_v001_r001_reg014,70979,15.722506507243647
UPMC_c001_v001_r001_reg014,73024,0.22379752784413823
UPMC_c001_v001_r001_reg014,70086,1.1102230246251565e-16
UPMC_c001_v001_r001_reg014,67795,5.164567628961075
UPMC_c001_v001_r001_reg014,69424,13.350558911977583
UPMC_c001_v001_r001_reg014,68498,15.513418768845439
UPMC_c001_v001_r001_reg014,68142,3.660374796878423
UPMC_c001_v001_r001_reg014,71372,13.726854155433164
UPMC_c001_v001_r001_reg014,66899,0.22964347962371912
UPMC_c001_v001_r001_reg014,68286,7.999286394278016
UPMC_c001_v001_r001_reg014,69330,7.033646896003576
UPMC_c001_v001_r001_reg014,68462,15.507397050660543
UPMC_c001_v001_r001_reg014,70103,3.573794916117789
UPMC_c001_v001_r001_reg014,68137,2.3727726377451788
UPMC_c001_v001_r001_reg014,66966,7.395257333438573
UPMC_c001_v001_r001_reg014,70184,3.7140624600187997
UPMC_c001_v001_r001_reg014,69225,0.9816656403854134
UPMC_c001_v001_r001_reg014,69705,0.0
UPMC_c001_v001_r001_reg014,69946,3.0919938209460263
UPMC_c001_v001_r001_reg014,68525,1.4385805567886771
UPMC_c001_v001_r001_reg014,67857,3.9440136282401244
UPMC_c001_v001_r001_reg014,69287,15.702219280381666
UPMC_c001_v001_r001_reg014,70239,12.996502026050212
UPMC_c001_v001_r001_reg014,67587,0.8516424524213496
UPMC_c001_v001_r001_reg014,66937,11.642705848984093
UPMC_c001_v001_r001_reg014,69432,0.5166044216262297
UPMC_c001_v001_r001_reg014,70012,3.786101305771711
UPMC_c001_v001_r001_reg014,68630,0.7934916774558792
UPMC_c001_v001_r001_reg014,70447,14.82616106680623
UPMC_c001_v001_r001_reg014,68811,2.064746680105338
UPMC_c001_v001_r001_reg014,68309,0.7348098337380123
UPMC_c001_v001_r001_reg014,72675,14.784873255833965
UPMC_c001_v001_r001_reg014,72443,14.822717716783638
UPMC_c001_v001_r001_reg014,72173,1.3395026310051967
UPMC_c001_v001_r001_reg014,70217,4.36559473883918
UPMC_c001_v001_r001_reg014,73054,0.31190742999564613
UPMC_c001_v001_r001_reg014,68092,14.860078401450627
UPMC_c001_v001_r001_reg014,67389,13.475335954852376
UPMC_c001_v001_r001_reg014,73344,17.05452943354273
UPMC_c001_v001_r001_reg014,70748,15.595138027445303
UPMC_c001_v001_r001_reg014,69522,6.772072222248769
UPMC_c001_v001_r001_reg014,68435,16.392175868703372
UPMC_c001_v001_r001_reg014,72307,4.406326322806052
UPMC_c001_v001_r001_reg014,72424,13.245935332363986
UPMC_c001_v001_r001_reg014,68427,0.7935440155241879
UPMC_c001_v001_r001_reg014,70361,4.520885850006753
UPMC_c001_v001_r001_reg014,68562,0.47980845477545164
UPMC_c001_v001_r001_reg014,69630,0.0
UPMC_c001_v001_r001_reg014,71054,15.568718569265291
UPMC_c001_v001_r001_reg014,69265,12.119408546458427
UPMC_c001_v001_r001_reg014,73390,17.05452943354273
UPMC_c001_v001_r001_reg014,67978,1.1102230246251565e-16
UPMC_c001_v001_r001_reg014,67231,13.234601636840976
UPMC_c001_v001_r001_reg014,71287,15.863981783726793
