CELL_ID,X,Y
66890,452,5
66911,474,9
66891,509,4
66925,524,14
66926,559,14
66927,581,13
66906,610,11
66918,641,11
66920,661,10
66935,687,14
66912,732,8
66896,756,8
66936,805,16
66897,825,7
66887,914,4
66898,1018,7
66913,1101,9
66945,1130,21
66931,1156,18
66914,1178,9
66892,1196,6
66893,1235,4
66894,1269,6
66928,1318,15
66932,1343,16
66923,1362,13
66888,1376,4
66924,1394,13
66899,1413,7
66900,1434,7
66907,1458,8
66915,1500,9
66929,1527,13
66901,1587,8
66908,1607,7
66909,1623,6
66902,1642,6
66921,1736,12
66916,1759,9
66922,1789,11
66895,1827,5
66903,1944,7
66904,2038,7
66910,2112,8
66889,2144,5
66905,2184,6
66917,2322,9
66930,2350,16
66919,363,11
66934,498,17
66937,1218,18
66941,1479,21
66949,1709,22
66933,443,18
66940,1255,20
66946,390,24
66944,1039,23
66938,1649,19
66947,769,23
66955,870,26
66943,915,21
66942,1668,20
66958,424,28
66964,537,31
66952,1440,26
66939,347,20
66957,406,29
66948,939,22
66967,1379,30
66951,1197,23
66960,729,29
66954,840,24
66950,895,24
66973,1889,34
66956,1617,25
66966,1096,32
66962,1580,29
66968,1599,30
66976,1810,37
66953,1494,25
66972,1759,33
66963,2114,26
66959,653,29
66961,981,29
66981,2098,39
66970,488,33
66965,671,30
66971,631,32
66969,706,32
66975,1296,32
66989,790,43
66997,1353,49
66978,814,38
66980,909,40
66974,1183,35
66979,472,37
66986,2003,42
66983,513,38
66977,593,36
66998,1496,47
66993,1417,46
66994,1719,47
66992,1267,45
66987,2130,50
66982,326,39
66984,1633,39
66985,1204,39
67010,1218,52
66991,1249,45
67007,1321,51
67003,1392,50
67009,690,52
67006,2374,49
66995,439,47
66996,548,47
67001,1284,49
66990,1562,44
67002,1606,48
66988,667,44
66999,868,48
67000,1066,49
67004,1435,50
67019,1678,58
67008,333,53
67017,1041,56
67013,469,55
67014,1139,55
67016,721,56
67005,1546,49
67047,2250,69
67024,491,60
67025,1445,60
67015,1580,56
67011,508,55
67023,1372,59
67026,1528,59
67012,1818,55
67020,358,61
67034,1616,64
67027,750,61
67018,1238,61
67036,899,66
67029,1554,61
67030,386,63
67021,1015,59
67022,1297,59
67033,1592,65
67042,1647,69
67035,664,65
67028,845,60
67049,934,74
67050,964,69
67038,631,67
67039,1191,67
67037,543,67
67032,1460,65
67043,1783,68
67055,2304,73
67058,2330,73
67066,2412,74
67031,438,65
67044,456,69
67059,566,74
67041,1402,69
67054,1008,72
67051,1072,72
67045,835,70
67048,859,71
67040,1088,69
67046,1285,69
67057,1571,74
67053,715,73
67068,1169,77
67080,1418,79
67052,2372,72
67062,1034,75
67063,1145,75
67096,1278,89
67071,1517,76
67072,2146,75
67056,479,76
67083,766,81
67067,875,76
67076,1494,79
67069,1302,76
67061,739,76
67064,1239,75
67086,1364,85
67070,1385,76
67091,535,88
67078,1052,80
67090,2124,85
67073,294,78
67060,681,76
67074,919,79
67075,1221,77
67079,1254,78
67081,1449,85
67085,826,84
67065,1318,75
67112,1331,94
67077,1550,80
67120,2354,94
67089,795,86
67107,1595,88
67088,438,84
67084,604,84
67113,1429,95
67082,412,82
67098,720,88
67087,273,86
67092,329,88
67093,376,88
67094,666,88
67095,978,90
67122,1623,97
67097,1956,88
67115,1186,95
67108,1683,90
67123,464,99
67114,879,94
67106,1312,93
67099,953,91
67100,1227,92
67101,1245,93
67109,2090,93
67103,2174,91
67104,255,91
67121,364,97
67124,616,101
67148,907,104
67117,2432,93
67105,584,93
67102,1527,91
67125,811,99
67111,1210,94
67138,1381,103
67116,1559,94
67128,2111,100
67110,283,93
67118,502,96
67134,729,104
67119,1508,96
67126,558,100
67143,635,105
67141,1020,100
67144,1404,105
67131,350,103
67135,849,102
67130,993,101
67127,1541,100
67132,486,107
67139,1485,103
67140,266,104
67146,435,107
67147,671,108
67136,928,102
67149,1158,108
67142,1257,105
67161,401,111
67129,704,101
67137,967,103
67158,1353,110
67153,1451,107
67133,595,102
67154,1528,109
67145,299,106
67156,521,111
67163,787,112
67168,1560,114
67172,2369,116
67193,1651,125
67151,1681,108
67155,1934,109
67152,1043,109
67157,1059,113
67166,1588,113
67159,2389,111
67160,2453,111
67171,1223,115
67150,2052,107
67162,584,112
67165,1512,113
67164,1014,115
67174,1702,116
67179,1987,118
67170,953,114
67176,1033,119
67191,766,128
67169,821,115
67167,875,114
67185,2065,123
67180,2337,119
67173,976,116
67178,1498,120
67183,841,120
67175,939,118
67177,802,119
67188,1190,122
67184,1463,118
67233,1724,140
67181,374,120
67186,647,121
67201,715,126
67197,1275,126
67187,998,122
67204,2475,129
67202,1334,130
67189,1369,124
67203,1394,130
67182,571,121
67199,925,129
67195,425,128
67228,1305,138
67208,1436,129
67190,1481,124
67194,319,126
67196,1149,128
67209,2253,132
67192,1531,126
67200,387,129
67213,537,133
67231,602,140
67210,620,131
67198,889,129
67212,355,132
67220,1611,135
67214,697,132
67206,871,132
67207,962,132
67211,1451,132
67237,2351,142
67205,211,131
67215,825,135
67242,1171,142
67216,1547,135
67221,669,138
67229,1467,138
67239,2422,141
67224,301,141
67217,513,136
67218,1033,135
67223,1351,138
67234,785,142
67222,850,138
67226,988,138
67238,2386,141
67230,397,139
67253,2306,148
67225,485,138
67227,1008,140
67245,1427,142
67219,1490,137
67241,649,143
67243,1507,143
67235,1527,142
67246,1561,143
67244,1961,140
67236,1994,140
67240,448,142
67232,1074,140
67266,2168,152
67265,1205,154
67257,905,149
67269,1092,154
67249,977,147
67271,1593,155
67258,1935,148
67256,574,149
67264,695,153
67261,949,151
67252,1377,148
67250,238,146
67248,281,147
67255,312,150
67251,715,148
67247,1141,145
67270,1240,154
67268,748,154
67259,869,152
67262,1026,151
67263,1406,152
67260,1448,150
67272,1973,155
67254,219,149
67279,1363,155
67294,1574,162
67274,364,156
67267,403,156
67282,837,156
67284,530,158
67278,1267,156
67273,202,155
67281,1482,155
67296,2503,162
67299,724,162
67302,1623,164
67276,925,156
67277,1107,156
67280,1464,156
67295,1990,165
67341,2087,176
67275,386,157
67287,422,159
67309,1292,165
67286,1515,160
67306,1951,166
67303,2271,163
67291,266,161
67298,673,163
67285,993,158
67283,1042,159
67289,1549,160
67292,445,162
67288,1433,160
67310,1926,166
67290,244,161
67293,811,160
67311,645,169
67297,512,163
67319,797,171
67316,975,168
67301,1415,163
67312,851,169
67308,1022,168
67305,1169,163
67317,1348,171
67314,1489,168
67321,620,176
67315,778,170
67304,938,164
67326,1145,174
67300,1380,162
67307,2224,165
67313,1444,170
67371,1825,190
67359,1878,182
67333,208,177
67318,591,171
67325,228,174
67320,280,173
67353,695,182
67331,924,177
67322,1006,173
67337,1162,177
67323,1323,172
67332,950,176
67328,1271,176
67324,1424,174
67342,250,178
67335,476,177
67345,1383,179
67329,1402,174
67336,877,176
67338,1365,178
67347,834,181
67340,1497,178
67349,1799,182
67362,1917,186
67351,366,181
67334,419,177
67352,438,182
67355,549,183
67344,991,179
67327,1242,176
67330,383,176
67360,569,185
67346,515,181
67339,1469,178
67358,1738,184
67356,863,183
67348,1039,180
67354,348,181
67343,907,180
67376,725,190
67361,1071,185
67350,2226,180
67357,1057,182
67363,306,185
67388,384,194
67369,677,188
67385,1229,193
67368,281,189
67395,1306,196
67373,1416,194
67370,1556,190
67386,2323,193
67375,331,190
67367,2395,188
67364,588,187
67378,1006,191
67365,1131,191
67366,1326,189
67391,1455,196
67374,197,192
67372,232,191
67382,1026,193
67384,1175,195
67379,1397,192
67383,1085,193
67390,969,196
67396,1349,196
67381,874,194
67401,1050,199
67402,1208,199
67400,1944,197
67403,167,200
67387,259,195
67380,794,193
67389,891,196
67377,940,192
67394,420,197
67399,811,198
67415,2259,203
67410,442,202
67398,608,199
67409,909,201
67406,2458,200
67392,348,197
67408,759,202
67417,1587,205
67397,1968,196
67404,290,204
67407,401,202
67421,1374,204
67414,1613,203
67393,366,198
67411,503,202
67412,1188,204
67437,2163,210
67405,464,200
67413,1334,204
67422,186,208
67416,240,205
67427,1120,208
67420,1285,207
67424,781,207
67425,856,206
67426,1074,207
67429,2224,207
67434,213,210
67446,1104,211
67444,1987,213
67418,305,206
67432,1157,209
67419,1268,206
67433,2512,208
67447,319,212
67430,541,209
67445,573,214
67436,1395,214
67428,1557,207
67431,1007,210
67443,1913,211
67423,357,208
67438,338,212
67435,878,210
67442,986,213
67458,1029,218
67457,840,216
67454,2470,215
67441,385,214
67439,594,212
67455,258,216
67456,638,215
67453,1502,217
67440,1964,212
67461,145,217
67448,459,215
67449,475,215
67450,1060,216
67459,1323,218
67475,2327,223
67471,615,222
67479,1087,224
67473,1206,220
67451,1348,216
67470,1576,222
67466,1929,219
67464,809,220
67462,1263,219
67463,1449,218
67460,1948,217
67480,1361,224
67452,1483,216
67469,1415,221
67465,1539,221
67467,438,221
67490,1764,227
67494,2249,229
67483,723,227
67487,791,229
67468,1168,221
67478,499,225
67472,921,222
67476,1298,223
67474,1561,224
67477,356,226
67482,374,226
67481,1467,225
67493,1647,229
67516,2193,235
67491,196,229
67496,886,229
67489,1234,227
67510,2134,235
67500,163,232
67502,427,233
67485,483,228
67484,766,226
67488,859,228
67518,2391,235
67519,2504,235
67492,338,229
67486,518,228
67525,2429,236
67509,546,233
67497,1197,230
67531,2302,238
67511,2523,234
67501,231,232
67495,630,232
67504,991,232
67537,1890,240
67529,1918,237
67508,399,232
67528,824,238
67498,1280,229
67506,1340,231
67499,1953,231
67503,464,231
67513,651,235
67505,1065,232
67507,1487,232
67524,2032,236
67539,1312,237
67530,2000,238
67527,597,237
67546,1263,239
67515,1394,236
67547,1414,240
67520,136,237
67521,275,237
67514,1166,235
67534,1185,239
67523,1438,236
67517,2233,236
67512,255,236
67522,844,238
67532,1100,240
67548,1970,242
67550,2360,243
67580,456,247
67533,1126,239
67536,1523,239
67535,1214,240
67540,1372,240
67542,1849,241
67526,291,237
67544,311,243
67538,772,242
67545,476,243
67543,1237,242
67549,2063,242
67555,382,249
67552,879,246
67541,1461,240
67558,514,247
67569,1330,250
67561,2098,245
67554,362,246
67556,1496,247
67578,1561,250
67551,613,246
67564,1038,248
67553,1291,244
67560,1350,248
67557,414,248
67559,1082,248
67562,220,248
67575,798,250
67577,1541,253
67571,2046,251
67567,858,251
67563,1008,249
67565,1430,250
67579,151,253
67572,238,254
67568,1164,250
67594,1687,257
67566,2228,249
67586,2447,252
67587,120,254
67574,440,252
67585,2007,254
67570,1387,251
67592,1464,255
67584,283,254
67573,342,254
67582,1193,253
67576,1277,252
67591,654,257
67581,985,251
67588,1134,256
67606,1631,267
67589,2580,255
67609,839,263
67599,1604,257
67613,2181,264
67607,2269,259
67596,540,256
67583,1585,254
67604,2085,259
67593,1511,257
67633,2310,268
67595,397,258
67590,500,256
67610,895,263
67597,1234,258
67611,1315,265
67598,524,260
67603,1209,260
67651,2551,271
67601,424,261
67628,776,267
67602,816,261
67618,1358,264
67624,2134,267
67614,2429,264
67630,1285,266
67612,1417,263
67634,2399,267
67621,197,265
67615,297,265
67616,473,265
67622,1095,266
67619,2100,268
67625,2455,267
67620,139,268
67608,614,263
67631,1380,268
67600,311,261
67617,569,264
67605,594,262
67623,1257,266
67670,1856,278
67637,2223,268
67629,1025,268
67632,2024,267
67626,224,268
67641,702,270
67636,1072,268
67649,1581,273
67671,2365,278
67638,325,270
67644,406,271
67639,494,270
67645,547,271
67642,793,271
67647,1341,271
67662,1994,274
67654,2333,271
67643,381,271
67627,439,267
67640,636,269
67653,2075,270
67650,2251,273
67655,2529,272
67664,860,275
67635,911,270
67659,1222,274
67689,1760,283
67656,253,274
67658,1171,272
67661,1559,274
67668,277,278
67660,1445,273
67652,1604,274
67678,1948,282
67663,116,277
67646,1150,271
67665,517,277
67681,2344,284
67648,1517,273
67679,2059,281
67657,811,276
67666,1050,277
67677,1659,281
67675,181,281
67669,420,278
67672,1006,279
67667,1538,275
67702,1687,287
67673,1120,280
67688,1730,283
67720,2157,293
67680,2276,283
67676,392,281
67709,2028,291
67694,92,285
67716,565,288
67674,1407,280
67687,1425,285
67703,1875,287
67682,310,283
67692,616,283
67693,1308,286
67691,295,284
67698,538,288
67685,1146,283
67707,1194,288
67686,1367,284
67696,1550,288
67683,453,283
67700,832,289
67695,435,286
67699,675,287
67745,878,300
67684,895,283
67690,2105,284
67713,2228,292
67715,486,291
67697,2207,286
67743,2602,299
67706,358,290
67719,2082,293
67714,2456,291
67708,1334,289
67705,325,289
67725,801,296
67701,1164,289
67712,1574,293
67752,1615,300
67718,947,292
67756,2195,305
67704,244,289
67717,730,292
67760,777,305
67710,1077,292
67711,1095,290
67723,219,296
67726,380,298
67728,755,297
67749,2259,303
67736,2493,298
67732,269,299
67727,399,298
67730,2044,301
67731,169,300
67746,905,303
67724,419,295
67765,508,307
67721,524,296
67735,1355,299
67740,1015,301
67741,1118,300
67734,1234,298
67722,1261,295
67729,1387,298
67751,1453,303
67739,627,300
67742,1139,301
67754,2536,302
67762,2627,305
67784,849,312
67738,447,300
67755,1207,305
67748,1593,302
67767,2514,307
67737,2554,298
67733,296,301
67744,310,303
67759,469,305
67770,583,310
67747,1303,301
67750,85,305
67763,336,306
67771,615,310
67753,1826,303
67757,2421,305
67758,430,307
67766,600,306
67774,738,311
67776,1549,311
67761,1058,305
67772,659,310
67782,1751,314
67792,1972,319
67764,409,309
67769,953,309
67803,819,321
67773,1153,310
67775,1250,310
67797,1694,319
67808,2565,321
67781,1286,314
67787,2062,314
67789,255,317
67768,564,309
67780,1183,313
67794,1324,319
67777,2079,311
67790,215,319
67778,925,312
67791,1361,316
67779,1107,315
67786,1307,315
67788,193,316
67793,359,319
67785,1230,316
67796,1638,318
67800,2586,320
67806,1260,321
67814,114,327
67801,321,320
67809,464,322
67838,2640,334
67783,754,317
67821,1343,328
67812,2025,326
67813,2354,325
67802,801,322
67836,1004,329
67795,1567,320
67811,2272,325
67798,2339,319
67799,2387,319
67833,2525,329
67805,416,322
67810,527,323
67823,87,328
67804,1201,320
67807,2432,321
67815,571,329
67819,1174,326
67825,2049,329
67824,1122,328
67829,274,330
67816,600,328
67817,950,328
67830,626,330
67827,1212,329
67841,1666,333
67818,1145,327
67828,1272,329
67822,2084,327
67834,334,332
67835,431,332
67846,868,334
67826,1074,329
67820,1241,327
67878,2135,345
67837,1631,333
67843,547,335
67831,748,331
67845,780,337
67854,1741,338
67869,1779,343
67832,2115,330
67866,2168,342
67857,2612,337
67840,508,333
67842,371,335
67847,907,336
67867,185,345
67849,294,337
67839,478,334
67848,1089,336
67855,2225,336
67851,492,337
67853,1228,337
67865,1292,340
67858,2197,338
67844,2366,336
67850,392,337
67861,1163,340
67852,1186,337
67856,2250,338
67860,352,340
67863,735,341
67859,2550,339
67876,244,347
67883,806,349
67862,1319,341
67877,1958,348
67880,2377,347
67870,2441,344
67882,68,350
67886,922,350
67864,1264,341
67875,129,347
67868,465,345
67872,564,346
67895,216,353
67874,1489,344
67894,41,353
67871,444,346
67885,721,350
67905,1334,356
67873,1141,346
67879,2353,346
67888,1195,350
67884,1243,348
67881,365,349
67887,1011,352
67889,1212,351
67906,1659,356
67893,2262,352
67890,276,352
67917,1373,362
67892,2217,353
67902,2539,357
67900,144,355
67896,309,351
67891,507,352
67897,1128,352
67913,1688,361
67899,2101,354
67901,1048,357
67978,2083,374
67898,1259,353
67908,661,358
67920,745,363
67903,852,358
67932,2452,366
67916,705,361
67909,1075,360
67910,1469,359
67914,2322,361
67928,2414,365
67907,351,360
67904,1225,359
67923,1528,363
67927,2277,365
67918,2192,361
67915,92,361
67919,108,363
67961,2520,374
67912,544,361
67935,950,367
67937,1768,367
67924,1877,363
67911,442,360
67925,991,365
67938,251,368
67933,310,367
67930,460,367
67934,566,366
67922,1294,361
67931,2207,365
67948,2241,370
67939,512,367
67929,394,365
67940,610,367
67926,1200,364
67921,1243,363
67945,1258,370
68014,1505,392
67949,167,371
67943,374,370
67936,1025,367
67941,1125,368
67952,1426,371
67946,1620,369
67989,1731,380
67942,2369,368
67982,2495,382
67956,58,374
67962,82,377
67963,125,376
67950,478,371
67944,688,369
67966,767,376
67947,1282,370
67965,650,376
67953,206,374
67964,524,377
67958,807,375
67951,1100,372
67955,2335,373
67954,732,374
67968,1011,376
67973,1302,378
67960,2385,374
67971,588,379
67984,1677,383
67976,2120,377
67959,1465,375
67957,440,375
67970,496,378
67979,674,380
67969,1059,377
67972,1203,377
67980,1344,382
67974,1393,378
67975,1657,378
67977,265,380
67967,858,376
67997,149,388
68003,623,388
68007,2561,388
67986,546,384
67987,846,383
68013,2054,392
67983,1179,380
67985,2142,382
67981,2204,381
67993,41,385
67998,711,385
68023,903,392
67999,986,386
67996,2661,385
67991,955,385
67992,1229,383
67988,1277,383
68002,2355,387
67990,566,385
68010,878,392
68000,1030,386
68024,1186,393
68005,1213,388
68017,2631,392
68008,179,390
67995,1143,386
68012,1779,390
68006,1840,388
68001,2189,386
68015,2583,391
68016,2606,392
68009,697,392
67994,1048,385
68030,2098,396
68032,642,396
68022,728,395
68025,2443,394
68052,754,406
68004,1097,388
68011,1165,391
68031,11,397
68027,231,394
68019,377,393
68021,478,392
68041,1762,402
68039,821,401
68028,1249,396
68018,342,394
68026,528,395
68020,461,393
68061,1641,407
68054,1809,404
68055,2152,405
68029,1281,395
68072,2124,412
68045,451,403
68046,797,401
68033,855,397
68034,1223,400
68040,1314,402
68038,312,401
68036,2252,400
68050,2377,403
68042,33,403
68044,358,403
68048,1133,402
68049,1150,401
68056,2218,405
68037,244,401
68051,279,403
68075,597,416
68035,1034,400
68043,259,403
68058,783,408
68047,962,402
68062,2656,408
68057,2355,406
68070,419,411
68059,947,408
68067,991,411
68053,1054,408
68080,2516,415
68063,516,409
68071,1025,413
68060,1077,407
68064,1858,411
68078,93,415
68069,1788,412
68065,478,412
68066,686,413
68068,1161,412
68092,622,422
68094,705,421
68076,1256,414
68088,1972,417
68095,2493,420
68073,231,415
68074,302,414
68100,877,427
68077,2287,415
68085,557,419
68081,662,417
68118,2105,429
68084,534,419
68079,1271,417
68105,2075,422
68090,16,421
68083,436,419
68086,576,419
68093,642,421
68139,2587,436
68114,147,427
68101,977,424
68082,1188,417
68098,2011,423
68111,2459,426
68096,267,422
68099,770,424
68089,802,422
68112,2540,426
68113,121,427
68097,903,422
68087,1133,419
68122,2681,425
68091,351,420
68136,1738,433
68106,2167,425
68103,493,425
68108,1047,427
68102,1237,424
68117,1586,429
68104,1764,425
68110,1906,426
68115,849,428
68107,398,426
68127,1799,431
68121,2140,430
68125,517,432
68109,1695,427
68137,1851,432
68170,2035,443
68124,307,430
68119,325,429
68131,1199,431
68133,2181,432
68140,1408,435
68128,2196,430
68134,2304,432
68130,782,434
68126,1150,432
68141,1714,437
68152,29,440
68158,175,441
68123,287,430
68116,935,429
68135,340,434
68120,1102,429
68129,2266,431
68149,1265,439
68132,1292,432
68148,1015,438
68145,1182,437
68156,1324,439
68150,1534,439
68160,1678,441
68166,654,442
68159,674,441
68151,2060,440
68177,97,448
68138,431,434
68161,1941,440
68146,1978,437
68143,476,437
68142,7,438
68147,359,438
68153,587,440
68185,687,448
68154,713,441
68176,2506,447
68164,1212,442
68157,1759,441
68174,1830,445
68162,806,442
68155,1237,440
68163,1032,442
68171,2375,445
68188,2529,450
68144,1096,438
68224,461,456
68169,979,446
68168,415,445
68182,1654,447
68165,568,444
68167,824,444
68186,1056,448
68180,1131,447
68181,1223,448
68173,1252,446
68175,2455,448
68212,2617,456
68190,304,450
68178,370,448
68172,440,446
68179,997,447
68197,1809,453
68198,2553,451
68196,138,450
68202,500,453
68184,609,448
68183,1788,448
68209,1921,456
68187,2164,449
68189,272,451
68205,945,455
68232,2094,460
68195,2144,450
68213,67,457
68191,483,450
68203,633,455
68192,844,449
68194,1117,451
68214,201,456
68219,702,459
68204,772,456
68217,966,455
68193,1093,450
68231,1881,461
68199,523,453
68206,1147,454
68207,1196,455
68230,1853,461
68210,2181,456
68216,424,456
68201,2227,453
68220,864,458
68211,2252,455
68215,285,456
68208,1079,456
68221,1174,459
68240,1777,465
68200,1982,454
68249,2011,467
68233,217,461
68218,1240,457
68222,2275,458
68228,559,462
68256,892,471
68227,152,462
68223,322,459
68225,1015,459
68226,1376,460
68245,1720,465
68237,27,465
68238,133,465
68253,2073,469
68241,2359,464
68235,793,463
68236,989,465
68239,1295,464
68246,2052,467
68263,109,474
68250,439,469
68243,583,465
68229,603,461
68247,650,470
68254,2443,469
68234,1062,463
68244,671,466
68251,821,468
68252,1903,469
68282,2654,478
68257,1133,471
68255,247,470
68242,383,466
68248,1816,467
68272,1958,474
68258,619,471
68265,969,475
68267,2323,474
68268,539,476
68264,854,475
68261,1099,473
68280,1835,481
68285,2477,485
68260,396,473
68273,521,477
68259,1049,471
68271,1700,477
68276,416,479
68262,1194,474
68270,1213,476
68278,161,480
68269,805,475
68266,1086,476
68277,1168,478
68287,872,482
68281,2258,479
68275,2375,477
68283,595,479
68297,3,491
68301,70,488
68303,714,487
68291,760,484
68274,1305,478
68284,2181,480
68279,327,480
68294,981,487
68308,1563,489
68296,1751,485
68320,1921,492
68290,2161,483
68309,17,491
68286,47,482
68288,1113,482
68295,1676,485
68315,1991,489
68311,681,489
68318,699,489
68312,792,493
68292,939,484
68293,1016,483
68298,131,488
68289,1871,483
68302,635,488
68300,2402,486
68344,953,498
68305,1047,489
68314,1295,490
68324,2044,493
68332,2541,498
68307,1223,488
68299,1243,487
68304,2273,488
68313,834,490
68306,1158,489
68327,2067,496
68319,2086,492
68310,617,491
68316,398,493
68323,1617,494
68335,1893,500
68348,2517,501
68339,443,501
68333,920,499
68351,1103,501
68419,2028,524
68322,858,494
68325,208,495
68317,600,492
68321,2193,493
68330,581,498
68329,562,498
68340,808,501
68353,1351,504
68338,357,501
68326,1813,497
68336,1968,500
68354,774,505
68358,824,509
68328,2300,498
68343,326,502
68334,1007,500
68345,1868,502
68341,2123,500
68342,194,503
68331,898,498
68346,1942,501
68349,41,503
68350,146,503
68337,2423,500
68359,991,505
68352,1217,506
68377,487,511
68355,1756,505
68356,1791,504
68347,2276,502
68357,663,505
68362,111,508
68363,870,507
68364,2200,508
68367,2240,508
68368,604,510
68379,1663,515
68360,2007,507
68397,2676,519
68365,289,509
68375,632,517
68366,1317,509
68383,2487,515
68370,619,509
68392,1257,517
68380,1832,515
68395,1948,520
68361,69,507
68371,695,512
68405,1204,521
68420,2063,526
68373,2218,512
68378,86,516
68399,177,520
68374,413,513
68391,898,521
68372,1033,514
68411,1341,527
68393,1504,519
68406,1982,520
68384,338,518
68369,589,513
68376,980,514
68387,272,519
68388,303,519
68390,679,519
68385,2129,518
68381,2262,517
68389,355,519
68382,2399,517
68394,1738,520
68396,2373,520
68398,149,522
68401,377,522
68402,579,521
68404,1159,521
68386,10,519
68410,33,524
68400,208,522
68412,1863,524
68427,68,530
68434,762,531
68418,807,528
68430,1415,530
68409,1794,524
68415,447,525
68408,990,523
68423,1072,527
68403,1100,523
68455,1310,537
68413,2187,524
68414,232,525
68416,535,526
68421,867,527
68407,884,523
68424,1233,527
68425,1280,527
68449,2006,534
68450,109,537
68429,666,531
68422,1019,527
68426,2204,528
68438,2543,533
68428,394,530
68417,694,527
68448,1711,535
68444,2453,535
68439,599,534
68441,1000,533
68432,2220,532
68443,2049,532
68433,10,533
68446,413,535
68447,515,536
68431,1218,532
68437,2518,532
68470,2596,543
68445,250,536
68435,1175,532
68457,617,539
68440,735,534
68436,1672,534
68461,1688,541
68452,2144,537
68459,2493,540
68465,706,539
68454,1056,537
68453,356,538
68468,579,544
68442,1483,534
68451,1964,536
68464,558,542
68460,1151,541
68475,1640,545
68462,2257,541
68463,332,541
68466,1257,542
68456,485,538
68472,268,545
68458,1731,540
68471,223,545
68467,2185,543
68488,2664,548
68500,25,554
68489,182,550
68473,459,545
68474,635,545
68498,915,553
68469,1877,543
68494,985,551
68482,1505,548
68477,1858,546
68492,1981,549
68480,2400,545
68490,749,551
68476,1815,546
68478,1919,545
68479,2090,545
68486,1040,548
68495,155,551
68485,299,549
68536,1288,563
68483,2110,547
68481,4,548
68491,1214,550
68502,2438,554
68496,341,553
68484,2223,549
68487,2354,549
68499,1062,553
68513,667,557
68520,1473,560
68531,1996,563
68497,485,552
68508,965,557
68509,1964,558
68493,413,551
68530,1661,564
68506,1675,554
68511,2386,556
68512,135,557
68517,596,559
68518,689,559
68503,854,556
68516,2276,556
68540,88,567
68544,655,569
68519,1241,558
68505,1591,555
68514,1834,558
68501,2319,554
68521,317,561
68507,790,556
68504,1122,555
68510,2304,556
68525,2468,561
68556,518,573
68527,622,563
68535,705,566
68522,1176,562
68547,1359,568
68523,2144,561
68524,2193,562
68515,2252,558
68538,806,565
68546,892,568
68529,1322,564
68533,59,565
68526,2520,562
68528,1266,564
68559,1411,570
68542,1717,567
68555,2653,571
68552,1869,570
68553,2015,571
68537,2231,565
68534,416,564
68541,721,567
68543,561,568
68551,1685,571
68532,3,564
68581,844,581
68550,1146,569
68561,2571,572
68549,287,569
68545,779,568
68539,1129,566
68564,2489,572
68571,1642,578
68562,156,574
68548,176,571
68565,241,574
68580,37,582
68554,220,570
68574,389,579
68557,863,572
68566,1087,576
68577,1339,581
68560,1938,573
68573,131,579
68558,1027,573
68578,1701,581
68563,2101,573
68569,2115,576
68572,6,578
68567,1191,575
68570,2268,577
68592,2468,586
68585,623,581
68568,793,577
68575,1164,581
68608,2554,591
68582,211,583
68583,338,583
68616,1613,594
68576,473,579
68589,685,583
68611,990,590
68579,2193,580
68584,585,582
68586,1044,583
68587,2069,583
68600,287,588
68607,1984,592
68595,364,587
68590,820,586
68593,1010,586
68597,1104,587
68591,2207,584
68588,436,585
68596,722,587
68612,1901,592
68594,2339,585
68609,109,592
68599,1826,587
68610,708,593
68621,881,598
68598,1728,588
68602,965,590
68604,806,590
68619,945,596
68617,2119,593
68603,2184,589
68601,789,589
68627,905,598
68623,1713,596
68614,167,593
68625,612,601
68605,1071,591
68639,1567,602
68613,2275,593
68622,1028,596
68615,1054,594
68620,659,596
68606,1357,590
68641,675,606
68638,1377,604
68657,2648,607
68630,6,602
68633,306,602
68618,562,595
68637,772,603
68624,2224,596
68626,696,598
68635,1669,601
68644,2456,603
68631,207,601
68648,2006,605
68636,2240,602
68634,632,602
68628,1161,598
68632,2144,600
68649,23,607
68629,920,600
68654,1352,607
68642,2070,605
68640,338,604
68652,787,608
68645,1006,606
68646,1246,606
68672,650,615
68662,1297,610
68671,1650,613
68647,1927,606
68643,2158,604
68656,2358,607
68658,396,608
68653,980,608
68667,146,613
68673,756,616
68650,114,609
68651,259,607
68670,529,613
68659,811,609
68664,2254,610
68666,2290,610
68663,1406,610
68660,1805,609
68655,1964,608
68661,2277,608
68681,966,619
68669,827,612
68665,1110,611
68680,566,619
68703,865,628
68668,694,612
68674,936,617
68675,1039,616
68678,1095,617
68690,1706,623
68676,1727,617
68684,55,620
68677,459,617
68699,1317,624
68682,1335,619
68679,2414,619
68683,1856,619
68691,2047,623
68689,328,623
68686,373,622
68694,710,623
68700,1605,626
68696,2086,624
68692,2304,622
68693,2451,623
68715,2474,631
68724,2554,633
68705,849,627
68687,989,622
68685,1668,621
68698,2229,623
68695,1009,624
68706,1872,627
68688,2270,621
68716,15,632
68708,350,630
68702,389,627
68701,2070,626
68697,2194,624
68719,1376,632
68709,513,630
68714,1354,631
68717,233,631
68722,637,634
68723,950,632
68713,1025,631
68710,1844,629
68720,1899,635
68721,1949,632
68711,172,631
68707,216,630
68704,1828,628
68727,1918,633
68730,727,636
68735,1282,639
68712,280,631
68765,2528,642
68744,883,641
68728,2347,633
68718,1151,631
68734,1254,638
68731,2107,636
68742,304,642
68726,813,635
68745,981,641
68767,1417,650
68759,2499,645
68725,156,635
68758,830,645
68751,1985,642
68729,115,636
68740,937,641
68739,619,639
68753,688,641
68743,706,642
68757,798,643
68732,2278,637
68747,2575,643
68733,669,639
68737,1884,639
68741,2312,640
68738,548,640
68771,1622,651
68761,1937,647
68750,1728,645
68736,1788,640
68756,2434,643
68749,1590,642
68746,2017,642
68762,762,647
68752,2087,643
68748,904,642
68760,1323,647
68778,1661,654
68754,1869,645
68776,2652,654
68766,488,650
68786,917,660
68755,2035,644
68773,2168,652
68777,170,655
68785,1357,657
68764,2193,648
68799,29,662
68769,236,652
68763,1006,649
68862,1392,679
68774,2273,652
68768,2396,651
68770,535,652
68775,2303,654
68783,2357,655
68772,2049,652
68780,88,655
68800,895,663
68779,1855,655
68789,681,662
68794,1954,659
68782,2257,655
68787,2330,659
68808,934,667
68781,1266,657
68792,1875,660
68788,513,660
68784,804,660
68791,1550,660
68812,1971,665
68795,2025,659
68797,2131,661
68798,2539,660
68842,2600,673
68804,1017,661
68811,1577,665
68796,2067,661
68822,641,666
68790,701,661
68807,715,665
68818,1604,666
68793,1919,660
68806,2412,662
68803,967,663
68801,1238,661
68802,1717,662
68814,2245,666
68821,442,667
68805,1699,663
68823,1281,668
68809,2212,664
68819,2286,667
68816,216,667
68810,269,666
68831,2095,668
68839,990,673
68824,1340,668
68827,1930,671
68813,2037,667
68825,2051,668
68826,2114,668
68815,2512,665
68865,2677,680
68867,728,678
68834,860,674
68829,1313,671
68828,2380,671
68820,356,668
68817,828,667
68846,949,677
68833,761,672
68841,2572,675
68879,656,686
68835,1228,673
68830,1903,673
68840,1116,674
68847,1495,677
68836,1851,672
68832,2425,672
68838,64,674
68845,838,676
68860,1985,679
68854,133,678
68850,1297,679
68843,5,673
68853,97,678
68844,188,676
68849,562,678
68885,624,686
68880,784,684
68881,878,686
68857,1254,681
68886,1529,686
68859,1950,680
68863,2019,680
68852,2458,679
68864,2538,682
68837,2269,674
68855,151,679
68856,404,681
68851,1589,679
68848,2085,679
68866,257,683
68890,338,688
68871,2511,683
68878,224,689
68861,279,681
68868,1610,683
68875,1721,685
68858,1787,680
68869,2302,682
68882,1218,687
68873,1338,684
68870,2322,683
68893,451,690
68883,1889,685
68876,2043,686
68884,2157,684
68877,2249,685
68872,708,684
68887,2058,686
68888,357,690
68874,1359,684
68894,974,690
68892,2372,689
68889,1631,687
68895,999,693
68918,848,701
68914,1328,701
68898,2069,695
68896,1658,693
68891,1873,689
68904,918,697
68923,828,702
68901,1854,695
68919,1971,700
68902,2142,697
68899,2198,694
68909,2403,696
68912,2438,698
68948,2660,710
68916,134,709
68903,187,697
68911,1298,698
68915,1761,699
68897,1807,695
68908,2182,696
68907,1915,696
68945,2588,710
68905,1082,698
68906,1618,698
68922,610,704
68910,668,699
68941,730,707
68900,1064,696
68921,2332,701
68917,758,701
68924,1369,703
68920,2223,701
68942,1277,710
68928,1591,704
68925,2085,704
68930,2243,705
68926,492,706
68946,804,710
68927,1239,703
68934,2119,705
68935,2513,707
68913,771,705
68938,1646,709
68936,114,706
68931,945,707
68929,2037,704
68933,2052,705
68950,589,712
68937,962,707
68966,2025,717
68971,636,716
68975,683,718
68983,1352,721
68944,2318,709
68973,863,716
68932,990,706
68939,2375,707
68940,2538,707
68954,2558,712
68943,2268,708
68949,179,712
68961,928,715
68955,979,712
68951,1069,712
68947,1836,711
68957,1919,713
68962,1989,714
68960,221,714
68963,250,717
68952,1786,711
69004,77,727
68959,158,714
68997,1408,724
68956,1887,713
68958,1951,713
68953,1856,712
68965,1904,715
68979,2259,722
68995,897,723
68978,2008,720
68967,2404,716
68981,278,720
68994,654,724
68972,752,718
68974,2065,718
68964,1736,715
68970,425,719
68987,824,724
68982,1217,721
68968,1238,719
68977,1873,719
68976,1171,719
68988,1388,722
68969,2470,717
68980,105,722
68986,705,723
69014,878,731
69009,1676,730
68989,1691,721
68984,1813,721
69003,2681,726
69005,1592,729
68992,2311,722
68993,314,723
69002,618,727
68990,1845,723
68991,2109,723
69001,2239,723
69016,950,734
69024,1372,735
68999,1971,724
68985,147,722
68996,1196,723
68998,1663,723
69000,2161,723
69006,294,729
69008,1949,728
69018,1291,733
69048,1324,740
69011,2205,730
69012,2486,731
69041,2616,740
69010,1700,730
69007,1865,729
69013,137,731
69023,1255,733
69021,498,734
69050,1618,743
69015,670,733
69022,1013,735
69061,2644,745
69027,811,736
69020,2070,734
69025,2223,733
69054,2581,744
69032,933,738
69029,1072,737
69045,751,743
69065,907,749
69017,1044,733
69034,1836,739
69085,2052,748
69026,2376,739
69035,320,740
69028,976,737
69057,1565,745
69051,1855,744
69039,2248,744
69030,2325,737
69047,836,745
69019,1800,734
69038,2118,740
69040,2305,739
69036,733,740
69046,1747,741
69033,1776,738
69037,1820,739
69068,2033,748
69043,2362,741
69031,862,741
69071,690,749
69067,1939,748
69058,2000,744
69056,1212,747
69049,1460,743
69052,1969,744
69053,2133,744
69055,121,744
69044,154,742
69062,1230,745
69042,1792,741
69070,397,749
69066,920,747
69076,1434,750
69078,1395,753
69060,2441,745
69077,194,751
69072,705,749
69074,1176,749
69064,95,747
69069,175,749
69073,721,749
69063,2563,746
69059,2017,745
69075,670,751
69079,1690,750
69083,2430,754
69104,1535,761
69090,1250,757
69102,647,761
69107,849,762
69087,960,758
69080,1295,755
69086,144,758
69084,1781,755
69095,2109,758
69091,2233,757
69082,2315,754
69094,1351,758
69097,443,759
69088,976,757
69098,1490,759
69099,1645,758
69081,1817,754
69089,1071,757
69105,1583,761
69117,1149,765
69093,1196,758
69112,1658,764
69106,1839,760
69100,2335,759
69096,2416,759
69110,1883,761
69101,2452,760
69115,2543,765
69108,939,762
69103,1376,761
69109,1705,762
69125,38,769
69111,119,764
69127,168,768
69092,864,758
69118,1507,766
69116,81,765
69113,2013,764
69120,2210,765
69142,2567,772
69114,1730,765
69119,1998,765
69121,1179,768
69128,1602,769
69139,2504,770
69141,2525,773
69133,924,769
69126,100,768
69154,677,779
69132,722,770
69145,1059,774
69147,1278,776
69124,1795,767
69138,1932,771
69122,1312,768
69123,1673,768
69129,1815,768
69131,2095,769
69136,2137,770
69130,1909,769
69135,1963,770
69151,1360,777
69134,1852,771
69143,154,774
69150,1329,776
69144,699,775
69152,1454,776
69153,2327,777
69137,137,771
69158,187,779
69149,971,776
69162,1226,780
69176,1562,786
69146,2230,773
69155,1192,780
69156,1876,777
69157,2427,778
69148,1389,774
69140,2603,773
69159,911,779
69160,2193,779
69165,121,781
69161,508,781
69168,551,784
69163,2274,780
69166,2029,783
69170,2081,783
69192,2491,789
69172,1154,786
69175,202,787
69194,1592,791
69177,1663,787
69173,2244,785
69164,78,783
69169,1492,783
69196,2177,791
69167,2343,783
69184,142,789
69188,573,790
69171,951,785
69181,984,788
69206,1402,797
69180,2099,786
69183,2221,788
69185,849,793
69186,1137,788
69193,1317,792
69178,1836,787
69187,1862,789
69205,2608,795
69189,862,792
69200,1470,791
69179,1980,786
69182,2125,788
69174,2305,786
69197,719,792
69199,1369,792
69202,736,793
69190,1122,789
69195,1687,791
69216,1256,799
69204,1633,793
69191,1706,790
69201,2392,793
69231,2631,804
69198,1087,794
69225,1524,803
69209,104,799
69214,800,799
69215,832,800
69203,916,794
69233,1962,804
69223,706,803
69222,175,802
69207,1821,795
69213,661,800
69236,690,803
69229,1487,803
69220,2007,801
69210,2037,799
69217,2144,800
69208,2568,797
69234,82,805
69228,1164,803
69212,125,799
69218,155,801
69226,221,803
69255,617,811
69224,960,802
69238,1218,806
69221,2207,801
69243,996,806
69244,1646,808
69219,1721,801
69249,1778,808
69230,2306,804
69211,2129,799
69232,881,805
69240,1341,804
69242,2514,807
69265,905,813
69246,1030,810
69227,1128,803
69257,1616,812
69250,1919,807
69235,196,806
69237,1112,807
69271,1374,816
69247,1847,809
69260,2679,812
69239,1312,806
69241,1662,806
69251,2192,810
69266,941,815
69253,1353,811
69245,140,809
69252,497,812
69274,923,818
69269,2485,815
69248,1097,810
69272,1583,816
69258,2328,812
69268,2025,816
69263,2090,814
69277,977,821
69256,1285,812
69261,1825,813
69262,1947,815
69259,2441,813
69287,640,822
69267,1133,815
69273,2534,816
69270,119,816
69254,2049,811
69282,867,823
69281,1304,820
69275,1670,817
69276,1806,816
69264,2257,814
69280,657,820
69283,888,824
69278,1471,816
69297,1898,827
69279,212,820
69288,678,823
69285,1750,821
69293,1880,823
69330,1438,835
69284,1727,822
69298,1917,824
69341,1410,838
69292,1694,824
69307,1983,829
69305,708,829
69289,1089,823
69327,181,833
69286,401,822
69290,848,824
69304,1188,828
69300,1491,827
69299,1104,828
69294,75,826
69301,1711,826
69306,1793,829
69295,108,826
69296,1142,826
69314,1280,832
69291,1627,826
69326,2556,834
69303,1161,828
69311,1258,830
69315,1470,832
69308,2235,830
69302,2356,827
69321,729,835
69310,1067,831
69309,2283,829
69316,239,832
69320,531,834
69337,803,840
69328,833,836
69313,198,831
69312,1824,831
69338,819,840
69329,958,836
69324,2043,835
69318,2435,834
69388,63,854
69319,219,834
69317,257,834
69344,1201,843
69322,1353,834
69323,2019,834
69325,2207,834
69366,2623,845
69340,1124,839
69332,1591,838
69347,2108,840
69334,2648,837
69339,910,840
69367,1021,846
69342,102,842
69331,663,838
69335,1929,839
69355,1308,845
69345,1341,843
69346,1611,842
69333,2143,837
69373,2481,848
69336,617,841
69377,1883,850
69365,2510,844
69349,303,842
69359,937,845
69371,1372,849
69351,1544,841
69348,127,842
69354,338,844
69343,1148,841
69382,1459,852
69352,1813,843
69357,1855,845
69353,160,844
69370,1235,846
69356,1722,843
69363,2005,846
69385,1916,852
69364,2394,846
69350,1081,843
69362,1707,845
69358,2411,844
69369,268,847
69375,640,850
69361,1392,846
69368,2072,847
69395,2589,853
69374,200,849
69360,979,845
69376,1098,850
69384,1799,850
69386,1958,851
69379,2679,852
69380,225,850
69402,1497,857
69392,1526,853
69383,1769,853
69372,2234,849
69399,2537,855
69396,289,854
69419,751,863
69389,145,858
69390,1160,853
69393,1680,853
69391,2133,852
69378,2442,850
69381,1068,852
69398,1258,858
69425,1583,866
69435,493,867
69415,967,860
69387,1986,850
69394,2194,853
69400,1139,855
69410,1277,862
69401,683,856
69417,1330,865
69412,2150,863
69406,237,863
69424,654,866
69409,730,862
69397,1056,856
69432,1944,867
69405,2090,860
69403,2210,858
69404,1698,860
69411,2062,862
69413,2300,860
69418,120,864
69414,305,863
69441,1215,869
69431,1789,867
69407,256,860
69408,1823,859
69437,2577,869
69423,188,866
69416,1118,863
69443,1991,869
69421,2369,864
69422,2421,864
69436,896,866
69453,1355,873
69442,1546,869
69426,1646,865
69427,1744,866
69429,2225,865
69420,1809,864
69428,2181,866
69433,211,868
69434,275,869
69444,363,871
69446,1419,871
69438,796,870
69452,1008,872
69430,1242,869
69470,1446,876
69448,1617,870
69440,1148,870
69458,2617,875
69459,1384,877
69457,1877,875
69450,163,873
69445,1095,870
69471,1858,880
69455,873,875
69439,1066,870
69467,2036,878
69451,687,873
69494,853,888
69476,1297,880
69480,952,886
69456,1036,875
69468,2084,878
69469,2557,879
69465,629,878
69460,1968,876
69447,2053,872
69486,2677,883
69454,290,876
69449,2014,872
69475,1133,880
69511,1321,890
69461,256,879
69462,1655,877
69478,1909,881
69485,2494,884
69466,1761,879
69463,2240,877
69474,237,882
69484,1631,884
69473,139,881
69488,779,885
69477,1811,882
69479,2107,881
69493,204,887
69464,305,879
69499,664,888
69500,709,890
69483,922,885
69512,1563,891
69501,1531,890
69482,2256,883
69472,2328,880
69498,2071,888
69492,114,887
69487,186,885
69504,810,891
69489,1117,886
69491,2011,886
69497,1839,886
69481,2218,883
69495,891,888
69505,1664,892
69503,2346,889
69519,547,894
69509,1021,892
69522,1235,894
69516,1465,893
69496,1710,887
69524,2471,894
69521,1042,892
69502,2300,890
69508,687,891
69490,1616,886
69514,1932,890
69529,1983,898
69507,158,892
69510,1182,890
69517,1607,894
69530,2658,897
69518,295,895
69513,1794,892
69523,2317,894
69525,1058,897
69533,1441,900
69527,1729,896
69528,1956,898
69515,2155,892
69506,2239,892
69536,490,901
69541,1089,899
69531,1165,898
69569,620,911
69520,796,896
69526,1104,898
69534,1642,900
69540,972,902
69551,2025,907
69549,1415,904
69553,2539,905
69535,137,900
69537,828,899
69559,868,908
69542,1139,900
69560,1355,907
69539,1759,900
69568,2057,911
69543,2564,902
69545,1779,903
69544,1209,903
69538,929,901
69575,1077,914
69573,1806,913
69546,1847,903
69547,184,904
69532,1295,900
69578,1474,915
69550,1693,905
69548,776,905
69555,117,908
69556,207,908
69570,1042,912
69565,1121,910
69552,2368,906
69571,2509,911
69554,1182,908
69588,1527,914
69561,1619,910
69563,1939,913
69566,1571,911
69557,2328,908
69558,677,911
69577,1196,917
69591,1865,920
69564,2252,910
69567,1676,911
69572,155,912
69581,1335,918
69562,1887,909
69574,418,915
69599,791,924
69585,893,920
69580,1150,917
69603,1510,924
69593,2477,920
69579,232,917
69576,943,916
69609,1301,927
69612,95,929
69589,217,919
69590,924,920
69587,1234,920
69583,176,918
69598,748,923
69595,1001,924
69627,1841,933
69619,1928,932
69592,2150,920
69582,2347,918
69602,130,926
69586,1017,917
69596,1096,920
69610,1432,928
69594,2234,921
69584,195,919
69605,2663,922
69601,2006,922
69653,706,940
69600,1056,924
69604,1703,924
69635,2370,936
69615,2557,931
69606,1135,927
69630,1490,936
69597,1557,924
69622,2528,932
69624,810,937
69607,1175,927
69611,2438,927
69617,562,931
69608,2181,926
69642,2593,936
69649,1909,941
69618,763,932
69628,1020,934
69648,1579,942
69625,1616,933
69620,1969,932
69614,2123,931
69616,156,932
69632,872,936
69629,1101,935
69638,1995,937
69621,2140,932
69631,180,936
69623,641,933
69613,1121,930
69639,2020,937
69643,603,939
69652,1535,942
69626,1756,933
69636,199,937
69647,1358,940
69658,2505,944
69637,218,937
69668,1045,946
69645,1780,937
69640,2160,938
69651,905,942
69677,1462,949
69633,1710,936
69641,2396,938
69667,662,948
69634,2284,936
69655,678,943
69669,1211,948
69644,1256,937
69661,1276,947
69666,534,949
69656,835,944
69671,1644,948
69675,621,949
69676,1063,947
69693,1088,952
69650,2483,942
69654,1029,946
69660,1138,945
69646,1169,942
69687,1397,952
69657,1559,944
69681,923,950
69665,137,948
69673,1870,948
69664,2136,947
69678,2305,949
69680,884,951
69659,1120,947
69686,1243,951
69662,1504,948
69672,1722,947
69663,1815,947
69689,722,957
69685,1158,951
69670,1378,946
69684,989,952
69674,2288,948
69696,1010,958
69690,1706,955
69682,1772,950
69683,2416,951
69694,176,958
69688,222,954
69707,1964,961
69679,758,951
69730,777,967
69692,2099,955
69691,1739,954
69695,2184,956
69699,2244,958
69713,2540,963
69701,735,959
69698,1800,959
69703,1892,960
69704,965,962
69700,155,961
69702,825,961
69705,1371,963
69697,1671,958
69716,2001,966
69709,2668,963
69710,942,963
69719,1189,966
69717,2031,964
69740,2507,975
69718,847,967
69711,1143,965
69734,1942,972
69708,2166,963
69739,2472,976
69723,205,969
69715,1124,966
69743,1556,973
69738,1859,974
69722,2056,969
69741,744,977
69706,1815,963
69714,900,964
69727,1062,970
69720,1753,967
69765,602,982
69728,1079,970
69725,1170,968
69712,1350,965
69729,1730,970
69733,1878,972
69762,2589,981
69750,1248,979
69744,35,977
69724,312,967
69731,1454,973
69749,642,979
69760,1328,981
69770,1627,984
69721,1923,968
69735,2261,973
69752,132,979
69726,998,972
69732,1768,972
69742,918,976
69736,1153,978
69758,2197,981
69746,663,975
69759,703,982
69755,864,979
69747,1038,976
69767,2117,983
69773,623,986
69756,1099,979
69737,1303,974
69753,381,979
69777,1841,988
69745,171,978
69775,2139,987
69751,2289,978
69748,154,978
69754,533,980
69769,1573,984
69768,2613,985
69784,720,991
69795,1484,993
69772,1902,984
69791,934,993
69763,965,982
69764,1128,982
69757,1373,979
69766,1588,983
69771,1745,985
69779,1988,987
69761,1818,981
69797,2028,993
69819,2101,1001
69786,2159,993
69780,209,989
69785,792,992
69789,1174,993
69774,1723,987
69808,1935,997
69778,1966,987
69781,995,989
69794,1364,993
69807,1679,998
69776,350,988
69782,1070,988
69813,1398,997
69796,1808,994
69804,811,996
69812,1296,998
69783,1790,990
69806,1087,996
69792,1113,995
69790,1452,993
69833,1542,1006
69788,1040,994
69793,1269,994
69818,2067,1000
69803,660,1000
69799,1608,995
69800,1885,996
69801,2006,996
69787,159,995
69821,495,1002
69826,1916,1004
69815,2399,1000
69798,144,997
69805,874,998
69811,1136,999
69834,2049,1007
69820,2349,1000
69802,174,997
69817,976,1002
69810,1054,998
69825,1594,1003
69828,110,1004
69814,194,999
69809,765,1000
69816,960,1000
69835,2483,1007
69838,1347,1011
69822,1765,1002
69843,550,1011
69830,1961,1006
69823,2085,1001
69842,1828,1010
69840,688,1010
69845,1573,1012
69829,2515,1004
69832,218,1006
69836,423,1009
69839,2308,1009
69848,632,1014
69858,745,1015
69827,2331,1005
69841,827,1010
69824,1069,1005
69875,1215,1016
69876,1422,1020
69854,2229,1014
69831,2256,1006
69844,991,1013
69837,1099,1009
69860,1650,1016
69884,723,1025
69869,1257,1021
69850,1382,1013
69856,2377,1016
69851,233,1015
69859,1445,1013
69846,1812,1011
69888,2459,1025
69861,2648,1017
69847,402,1012
69877,793,1018
69849,1281,1013
69870,1460,1019
69863,153,1018
69857,179,1017
69868,1190,1018
69907,1865,1031
69853,2024,1014
69855,1113,1014
69874,1144,1020
69883,2000,1022
69895,2563,1028
69852,1166,1014
69866,1611,1017
69881,2149,1023
69872,2668,1020
69864,1060,1018
69867,199,1020
69889,669,1026
69880,2085,1022
69892,868,1026
69901,1511,1029
69865,1079,1018
69871,2352,1019
69873,936,1021
69885,1025,1023
69879,1530,1022
69890,1958,1026
69862,118,1020
69902,586,1030
69903,758,1032
69878,966,1022
69893,1089,1027
69896,1298,1029
69898,2364,1029
69882,900,1025
69886,1123,1023
69887,1911,1024
69894,1980,1027
69915,2511,1033
69891,817,1029
69928,1334,1037
69897,1941,1027
69905,1177,1034
69916,514,1036
69908,2064,1033
69900,1104,1033
69911,1479,1035
69913,1811,1034
69904,1156,1031
69923,2025,1040
69921,915,1038
69899,1074,1031
69906,1687,1031
69914,1899,1034
69924,2303,1038
69920,384,1038
69922,956,1037
69912,1749,1034
69917,1786,1034
69925,1000,1038
69926,1060,1038
69945,1440,1047
69946,2485,1045
69930,612,1039
69941,2100,1044
69918,2120,1037
69919,215,1038
69931,790,1045
69909,944,1034
69934,1314,1044
69936,1674,1042
69942,2390,1044
69910,1131,1035
69933,1031,1042
69937,252,1045
69938,633,1043
69976,2598,1056
69929,196,1041
69927,1118,1039
69935,1588,1044
69951,883,1048
69939,1389,1044
69961,2447,1050
69932,970,1043
69944,1233,1045
69947,1015,1048
69949,1201,1047
69950,2277,1047
69956,2370,1049
69957,671,1051
69958,942,1048
69952,984,1049
69943,1160,1046
69955,1974,1049
69972,1354,1055
69964,2190,1050
69960,2214,1050
69959,1255,1050
69954,1407,1050
69940,1559,1044
69970,2053,1055
69980,837,1057
69953,1273,1049
69969,1791,1053
69971,301,1055
69981,1509,1058
69967,1689,1050
69977,2681,1058
69973,1545,1055
69983,1844,1058
69963,1902,1052
69965,2259,1052
69990,2548,1063
69975,1131,1055
69948,1142,1047
69962,1175,1051
69985,1625,1060
69974,1074,1056
69968,1102,1054
69966,1116,1053
69984,2135,1059
69998,2528,1062
70004,573,1065
69992,1049,1063
69982,1147,1059
69996,2078,1063
70001,804,1066
69994,1665,1063
69978,205,1058
69987,956,1061
69989,1806,1062
70014,738,1065
70017,1371,1066
69997,2163,1063
69986,904,1060
69988,1699,1063
69979,612,1059
70002,1089,1064
70003,2508,1063
70028,1327,1071
69991,631,1065
70005,1643,1066
69999,369,1065
70027,1234,1071
69995,1681,1064
70007,1949,1063
70013,1999,1067
70000,656,1065
70024,1180,1072
69993,1209,1063
70018,1394,1069
70032,1468,1072
70006,1772,1065
70008,1969,1067
70021,2037,1070
70015,929,1069
70011,980,1067
70025,1197,1070
70019,2207,1070
70031,1296,1073
70009,2103,1067
70022,412,1071
70010,450,1067
70033,713,1074
70020,966,1070
70036,764,1074
70016,1122,1069
70026,1432,1071
70035,1502,1076
70038,1562,1075
70012,1901,1067
70029,2473,1072
70023,1028,1070
70039,2293,1076
70040,243,1077
70056,1924,1081
70057,2023,1082
70034,894,1076
70055,1589,1083
70049,1015,1081
70041,1065,1077
70043,993,1079
70030,1138,1074
70037,1151,1074
70050,1166,1081
70046,1266,1079
70045,1817,1079
70058,783,1084
70044,1081,1079
70060,1096,1083
70086,1416,1092
70071,2496,1089
70073,862,1086
70076,1689,1088
70047,1742,1080
70054,1949,1082
70078,2613,1090
70063,834,1085
70052,1604,1081
70042,2142,1079
70067,2410,1086
70074,750,1090
70069,1448,1087
70048,1757,1080
70072,589,1090
70095,2457,1097
70062,485,1085
70094,1546,1097
70053,1901,1081
70077,1990,1090
70051,1208,1081
70080,1618,1091
70079,1358,1091
70065,1314,1086
70081,1665,1091
70066,1887,1085
70061,1968,1085
70064,940,1085
70059,969,1084
70090,1647,1092
70070,1850,1085
70084,1054,1091
70093,1254,1096
70087,2357,1091
70083,2388,1091
70097,883,1095
70088,2680,1093
70124,732,1111
70068,1142,1087
70116,1386,1101
70099,605,1097
70075,1037,1089
70092,1211,1095
70119,1505,1103
70111,1830,1098
70117,795,1104
70098,928,1098
70089,1124,1093
70103,1859,1099
70082,2011,1091
70104,2166,1098
70091,2244,1094
70100,627,1097
70101,673,1099
70109,1475,1100
70096,566,1096
70102,1000,1098
70085,1073,1092
70131,2527,1105
70107,975,1099
70128,1328,1107
70110,1781,1098
70105,257,1099
70140,696,1113
70113,767,1099
70121,1886,1104
70112,1912,1099
70127,911,1106
70123,350,1105
70108,1163,1100
70126,1186,1105
70122,2301,1103
70106,298,1099
70114,1101,1100
70138,1598,1109
70120,1742,1103
70130,2198,1106
70135,948,1109
70129,2021,1106
70146,2139,1112
70169,2662,1120
70115,837,1102
70125,1040,1105
70118,1068,1104
70133,1949,1106
70132,1141,1108
70141,1674,1112
70179,646,1123
70137,1018,1110
70134,211,1108
70143,846,1114
70139,2395,1109
70150,1123,1114
70136,989,1110
70145,1796,1112
70149,2331,1113
70151,2435,1115
70144,872,1114
70161,1642,1117
70158,2251,1116
70159,1445,1119
70175,1622,1121
70191,242,1126
70147,437,1114
70142,561,1112
70152,615,1116
70157,2100,1116
70187,1043,1123
70154,1106,1115
70172,1299,1122
70155,1356,1117
70148,1526,1112
70168,1923,1119
70170,107,1122
70160,1582,1119
70163,2493,1118
70174,591,1124
70167,1159,1120
70162,2362,1117
70178,2598,1122
70153,966,1116
70171,1272,1122
70176,1688,1123
70166,2037,1118
70164,1069,1119
70156,1703,1117
70181,2061,1125
70173,1416,1122
70165,1817,1119
70185,1838,1125
70177,1865,1123
70180,1959,1123
70204,9,1136
70182,2404,1124
70210,51,1136
70183,325,1126
70186,2375,1125
70203,823,1133
70184,1473,1125
70190,216,1133
70197,1021,1131
70188,1078,1127
70200,1394,1132
70209,1998,1134
70213,1142,1137
70196,997,1130
70225,1489,1140
70189,2347,1128
70217,2618,1135
70202,361,1134
70195,975,1130
70223,2240,1138
70192,931,1129
70199,1056,1133
70214,1169,1138
70241,1370,1143
70198,617,1133
70220,1603,1138
70193,1939,1131
70194,2329,1130
70218,777,1137
70205,1183,1134
70219,1454,1138
70207,1785,1134
70201,2159,1131
70212,1115,1138
70229,792,1141
70211,875,1136
70206,1771,1135
70228,1975,1140
70239,845,1143
70215,1875,1137
70230,955,1140
70263,1523,1153
70208,1802,1135
70232,2115,1140
70240,1332,1145
70251,1581,1148
70221,1908,1139
70216,2025,1136
70222,2141,1137
70243,2212,1145
70244,2274,1144
70226,1508,1138
70227,1718,1140
70224,2316,1139
70231,1079,1142
70234,1197,1141
70237,1351,1144
70238,1635,1143
70235,2373,1143
70253,2483,1150
70289,698,1158
70269,1427,1153
70236,982,1147
70257,1468,1150
70233,250,1143
70249,889,1149
70278,2040,1155
70254,266,1150
70267,931,1153
70250,1099,1148
70262,1312,1152
70258,1681,1150
70252,2357,1147
70255,808,1151
70246,1822,1147
70279,2099,1156
70247,2396,1148
70274,2637,1155
70259,1939,1151
70245,1001,1149
70260,1047,1151
70256,1213,1152
70265,1836,1151
70272,1883,1155
70242,1894,1145
70266,2187,1152
70270,1616,1155
70280,2541,1156
70248,580,1149
70302,660,1164
70273,1021,1154
70261,1275,1150
70277,1729,1156
70281,735,1156
70275,235,1155
70288,590,1158
70268,1397,1155
70264,1806,1152
70271,1866,1153
70308,85,1166
70309,718,1164
70299,2584,1161
70283,1849,1157
70312,2327,1166
70287,562,1160
70282,1773,1156
70286,2138,1158
70298,2448,1161
70300,39,1164
70296,1241,1160
70293,830,1162
70276,1194,1156
70284,1964,1157
70307,1997,1164
70285,1140,1159
70314,602,1167
70290,950,1160
70322,972,1170
70295,1110,1162
70305,1178,1164
70310,1639,1166
70313,2359,1166
70294,1087,1161
70291,1356,1159
70306,1918,1165
70318,2273,1167
70292,249,1163
70304,1126,1162
70315,1259,1167
70316,1690,1167
70297,1746,1161
70311,1975,1168
70319,1280,1167
70328,1455,1174
70331,1305,1174
70325,2302,1170
70303,1056,1164
70301,1759,1163
70324,1790,1172
70320,1820,1167
70317,2077,1166
70332,1360,1174
70336,1865,1176
70365,763,1183
70321,848,1171
70333,1585,1175
70340,2011,1177
70346,336,1179
70330,1166,1174
70351,2438,1178
70329,1020,1175
70326,1045,1174
70335,1841,1175
70338,927,1178
70350,2123,1180
70327,1291,1176
70353,1329,1180
70323,1612,1171
70342,231,1176
70352,950,1183
70347,1150,1180
70334,1753,1174
70339,1132,1176
70361,2594,1183
70344,281,1180
70341,614,1178
70337,2254,1177
70363,245,1185
70345,308,1180
70354,424,1182
70355,780,1182
70343,1088,1178
70360,2074,1182
70374,2631,1188
70356,1118,1183
70362,1485,1183
70357,1650,1182
70349,2046,1179
70348,1403,1180
70366,1621,1184
70372,2546,1187
70364,262,1187
70382,2402,1190
70369,2502,1187
70411,1702,1194
70359,1881,1182
70368,1910,1184
70371,2421,1186
70379,2027,1190
70370,1267,1187
70358,1684,1182
70367,1738,1186
70376,1776,1188
70391,2205,1194
70383,550,1192
70400,577,1196
70373,1387,1188
70381,1598,1190
70378,1972,1189
70399,2378,1194
70410,1550,1199
70389,1636,1193
70398,2175,1195
70409,2271,1199
70393,2463,1195
70375,598,1190
70386,985,1189
70377,1937,1189
70385,845,1191
70403,1314,1197
70388,1350,1193
70387,1955,1191
70418,2240,1201
70394,806,1196
70395,826,1197
70390,1834,1194
70380,661,1192
70406,1003,1198
70416,1289,1201
70401,860,1196
70396,1055,1195
70407,1076,1199
70384,612,1192
70397,1135,1195
70404,1758,1197
70441,699,1213
70408,2056,1199
70402,926,1197
70421,1611,1204
70433,510,1210
70405,963,1198
70426,1461,1203
70412,1855,1200
70413,1878,1200
70423,1989,1202
70392,2141,1195
70454,2370,1212
70415,368,1201
70419,417,1202
70424,1096,1204
70431,1152,1206
70436,1337,1211
70422,1920,1203
70414,2075,1199
70438,2122,1208
70425,1382,1203
70417,1804,1201
70567,2677,1235
70451,527,1211
70446,714,1210
70428,1727,1202
70429,1821,1204
70432,1897,1206
70430,1943,1204
70458,2526,1213
70440,270,1209
70420,979,1203
70448,1576,1209
70442,954,1210
70455,1237,1210
70443,1514,1208
70427,1625,1205
70437,2013,1207
70444,192,1210
70434,1269,1208
70449,1651,1209
70470,1213,1215
70469,760,1218
70460,1028,1214
70452,1170,1211
70461,1255,1216
70457,1971,1214
70450,2041,1211
70439,2159,1208
70435,1306,1208
70481,20,1223
70459,448,1214
70447,851,1211
70463,584,1216
70445,652,1211
70465,1357,1216
70453,1407,1210
70462,1488,1213
70456,1637,1213
70464,929,1215
70473,835,1218
70474,879,1218
70468,1865,1216
70484,1953,1223
70471,2574,1215
70466,1720,1217
70467,1812,1216
70610,394,1247
70477,743,1220
70482,976,1223
70475,1140,1219
70496,1598,1227
70472,299,1219
70491,345,1224
70480,617,1221
70487,910,1224
70476,1382,1220
70500,1421,1226
70501,1450,1226
70490,2407,1224
70495,1314,1224
70497,1799,1226
70483,1934,1222
70529,2595,1236
70530,2642,1235
70493,1006,1225
70509,1195,1229
70479,1775,1220
70506,1850,1228
70485,1989,1222
70568,179,1248
70494,1280,1226
70478,1294,1221
70488,1888,1223
70489,2175,1223
70502,2453,1227
70543,2559,1238
70503,431,1226
70492,793,1224
70505,1566,1228
70498,2026,1226
70486,559,1222
70524,2278,1232
70525,2310,1232
70508,252,1227
70499,1331,1226
70518,1680,1231
70507,2075,1228
70513,2160,1229
70504,821,1227
70512,1230,1232
70517,1626,1232
70528,2363,1236
70520,546,1235
70521,1069,1232
70522,1497,1233
70519,1765,1232
70510,1874,1230
70511,2122,1230
70542,2339,1240
70514,312,1232
70538,848,1238
70526,949,1234
70531,82,1237
70515,529,1232
70548,1648,1242
70540,1744,1241
70547,996,1241
70536,453,1237
70532,566,1237
70533,1095,1238
70516,1154,1230
70523,2046,1233
70535,1910,1236
70552,1264,1241
70537,807,1239
70554,1894,1243
70541,2191,1239
70539,262,1240
70527,1021,1236
70563,1243,1243
70545,1987,1243
70596,659,1256
70571,909,1248
70558,1141,1244
70544,1369,1239
70550,276,1243
70546,602,1242
70582,721,1249
70557,1035,1244
70553,1384,1244
70534,1784,1238
70555,1932,1244
70570,776,1249
70556,966,1245
70572,1117,1250
70564,1337,1245
70549,2155,1243
70551,587,1244
70569,632,1247
70577,1164,1249
70559,1404,1246
70589,1320,1251
70565,1430,1246
70560,1808,1245
70603,423,1259
70590,1360,1252
70574,116,1249
70562,1178,1245
70614,1504,1258
70573,1564,1247
70566,2073,1246
70580,2423,1249
70586,2537,1252
70581,441,1251
70583,1289,1249
70592,1830,1251
70561,1874,1245
70604,574,1258
70575,736,1249
70578,1276,1253
70611,932,1259
70600,1769,1254
70594,2397,1251
70587,289,1252
70576,1072,1250
70617,1535,1260
70584,2048,1249
70579,2128,1249
70629,1302,1265
70593,2100,1253
70585,2504,1250
70597,1733,1255
70591,1796,1253
70588,1199,1252
70612,1056,1260
70599,1186,1256
70608,1467,1258
70605,1628,1257
70609,2321,1259
70598,2377,1256
70619,532,1261
70606,754,1257
70626,1583,1260
70602,1969,1256
70595,644,1256
70607,986,1258
70601,1909,1256
70613,1098,1259
70618,1866,1260
70628,1150,1264
70630,1666,1263
70616,479,1260
70622,791,1263
70623,818,1262
70625,1246,1262
70634,686,1265
70633,1423,1264
70646,2650,1268
70649,224,1269
70668,670,1278
70624,836,1261
70615,356,1262
70620,552,1262
70635,960,1266
70631,1082,1264
70627,1136,1263
70650,1353,1272
70647,1408,1269
70664,1444,1273
70653,2291,1271
70621,608,1263
70632,1261,1265
70639,1846,1267
70640,1991,1267
70641,2140,1265
70651,1389,1270
70637,1555,1266
70638,1787,1266
70644,1803,1268
70636,1010,1265
70669,1228,1275
70643,1712,1268
70675,1569,1278
70660,445,1274
70661,841,1276
70652,1884,1272
70648,1904,1269
70645,1959,1267
70670,2099,1274
70671,504,1277
70642,744,1269
70672,1018,1277
70665,1727,1274
70657,1936,1273
70658,2154,1272
70654,341,1273
70662,975,1274
70674,1287,1279
70696,1326,1284
70666,1744,1273
70655,709,1273
70663,1165,1274
70673,1274,1278
70667,1817,1274
70659,286,1275
70656,1123,1273
70678,1476,1279
70704,2461,1284
70682,483,1281
70684,910,1281
70679,1767,1280
70691,2364,1282
70710,2506,1286
70677,940,1279
70685,987,1280
70687,1494,1282
70693,820,1283
70698,1633,1283
70692,371,1284
70686,1070,1281
70703,2417,1285
70741,14,1296
70676,524,1278
70688,734,1282
70690,1864,1282
70699,1918,1283
70680,1964,1278
70681,2001,1279
70683,577,1281
70694,1107,1282
70689,1587,1284
70708,1605,1286
70705,752,1286
70706,868,1286
70707,1254,1286
70731,637,1292
70695,1139,1284
70712,1184,1286
70697,1548,1284
70715,1946,1287
70700,2185,1283
70717,93,1288
70726,170,1291
70718,536,1290
70714,1383,1288
70720,1513,1288
70702,2072,1286
70733,2341,1292
70719,1154,1289
70730,457,1293
70709,1844,1286
70721,516,1291
70701,889,1284
70711,1124,1286
70716,2149,1287
70723,1050,1290
70713,1210,1286
70729,2276,1291
70722,1033,1290
70724,1409,1289
70734,285,1294
70727,686,1291
70728,1170,1292
70736,1658,1292
70725,1822,1290
70755,230,1299
70742,349,1298
70739,968,1294
70752,1000,1300
70750,1459,1297
70732,783,1292
70740,1967,1295
70745,2398,1296
70769,795,1301
70735,940,1295
70770,951,1303
70756,1093,1301
70754,1355,1300
70759,1545,1300
70744,1856,1296
70794,152,1310
70746,329,1297
70748,836,1298
70753,1114,1298
70767,1427,1302
70779,2635,1305
70766,1209,1302
70737,2028,1295
70738,2059,1295
70751,1893,1298
70761,2181,1300
70763,568,1302
70747,606,1298
70749,899,1299
70757,1265,1302
70764,1060,1300
70765,1130,1304
70758,1445,1300
70743,1578,1296
70773,1734,1302
70762,549,1302
70775,1020,1305
70777,1297,1304
70771,1477,1302
70772,1669,1304
70760,2165,1301
70782,981,1307
70792,1812,1307
70787,2382,1306
70780,46,1306
70781,409,1306
70791,1402,1311
70789,431,1307
70790,868,1307
70776,1146,1305
70784,1598,1304
70786,2287,1306
70799,2539,1309
70768,766,1304
70807,1788,1310
70778,1946,1305
70788,396,1307
70774,473,1305
70796,1194,1308
70793,2014,1307
70804,378,1312
70797,1614,1309
70806,1634,1311
70820,1689,1313
70823,2565,1313
70803,275,1311
70800,508,1309
70846,912,1320
70832,1381,1313
70813,1523,1312
70808,1909,1310
70785,1991,1307
70822,2465,1313
70783,1316,1306
70798,1828,1308
70805,1067,1311
70801,1106,1311
70826,1334,1315
70802,1771,1310
70810,2306,1310
70816,209,1315
70838,523,1319
70795,683,1310
70824,883,1314
70831,1284,1316
70819,1653,1313
70812,2507,1311
70825,1043,1314
70814,1882,1312
70809,1980,1311
70815,2125,1313
70811,2358,1312
70817,329,1314
70853,580,1320
70828,1858,1315
70818,800,1315
70841,1502,1319
70834,1961,1317
70844,450,1321
70829,1228,1317
70830,1250,1315
70850,1588,1321
70821,2067,1314
70874,2671,1326
70839,762,1320
70840,1173,1318
70896,1309,1330
70833,1541,1318
70836,2098,1316
70856,557,1324
70837,745,1319
70857,845,1324
70871,1452,1325
70845,814,1321
70849,1271,1321
70827,1470,1317
70835,2050,1317
70847,1115,1320
70842,2257,1319
70860,2344,1324
70848,1078,1322
70859,1368,1325
70852,1998,1322
70843,2284,1320
70900,256,1334
70861,498,1325
70864,944,1327
70858,1092,1324
70851,1669,1322
70868,2381,1326
70895,300,1329
70862,630,1326
70854,1028,1323
70866,1351,1326
70893,2598,1331
70869,280,1327
70865,1195,1325
70879,1867,1328
70855,2153,1323
70881,2444,1327
70892,2499,1331
70882,538,1330
70878,1823,1328
70883,871,1331
70870,1063,1328
70899,2525,1332
70919,693,1338
70863,782,1325
70876,975,1327
70897,1609,1333
70898,1776,1332
70909,1836,1332
70880,1880,1329
70867,2134,1325
70913,1148,1336
70888,1294,1331
70884,1754,1330
70885,1806,1329
70872,1907,1328
70891,1977,1330
70901,480,1334
70887,1238,1331
70877,1258,1329
70875,329,1329
70903,1475,1334
70904,1626,1334
70922,1684,1338
70886,2246,1330
70894,2636,1331
70905,1717,1332
70890,1893,1330
70873,2461,1329
70930,123,1342
70943,997,1344
70911,1102,1336
70923,1851,1337
70907,959,1335
70921,1024,1338
70902,1048,1334
70912,1117,1336
70889,1397,1331
70908,1493,1336
70941,2429,1342
70925,1557,1338
70918,585,1338
70920,735,1337
70914,1173,1337
70945,1432,1343
70924,2273,1338
70906,2564,1334
70926,1961,1338
70910,2074,1335
70933,1409,1342
70916,2191,1337
70917,507,1337
70932,1336,1342
70929,1388,1340
70934,1533,1342
70935,1663,1342
70915,1942,1335
70946,2370,1344
70953,2483,1345
70959,292,1349
70931,776,1341
70944,1084,1343
70928,1209,1339
70938,1261,1343
70937,2314,1341
70947,322,1345
70949,794,1345
70960,845,1350
70955,1129,1347
70969,809,1353
70950,913,1346
70927,1191,1340
70951,1229,1346
70956,1578,1348
70936,1987,1342
70940,2107,1343
70954,440,1351
70942,976,1348
70978,560,1353
70939,1370,1344
70957,1901,1347
70958,2406,1347
70974,456,1355
70948,528,1346
70961,1353,1350
70966,1459,1353
70962,1064,1351
70977,1278,1353
70952,1755,1346
70964,2299,1351
70975,933,1354
70999,44,1362
70970,1199,1354
70972,1317,1353
70993,1498,1363
70995,1848,1359
71005,2671,1363
70982,696,1362
70965,958,1353
70983,1045,1357
70976,1168,1354
70973,1926,1353
70967,1939,1352
70981,2527,1357
70968,512,1353
70971,1299,1353
70992,1391,1361
70985,1478,1357
70963,735,1352
70980,1989,1357
70988,2093,1360
70990,1026,1364
70986,1874,1356
71007,578,1365
71014,1521,1366
70979,1825,1356
70997,1961,1360
70998,2554,1360
71013,2640,1364
71000,476,1362
71009,1702,1362
70984,1076,1357
71001,1094,1361
71008,1553,1364
70991,1140,1361
70996,1916,1362
71012,2443,1365
71004,2497,1364
71006,357,1365
70987,718,1359
70989,757,1359
71032,1155,1371
71003,1374,1363
71021,1684,1366
71024,1112,1368
71033,1182,1370
71019,1212,1367
71020,1663,1368
70994,1794,1361
71002,2204,1362
71017,522,1367
71027,1295,1371
71036,2593,1372
71038,1345,1368
71015,2369,1366
71026,2415,1368
71044,321,1375
71016,403,1367
71023,816,1369
71028,1440,1368
71010,1780,1365
71022,730,1368
71055,767,1376
71035,1604,1370
71043,1937,1374
71011,2127,1365
71018,905,1367
71050,1317,1375
71025,2074,1368
71069,84,1384
71030,243,1371
71037,109,1371
71041,968,1373
71031,1007,1371
71042,1076,1374
71039,1362,1373
71029,1576,1369
71045,501,1374
71034,1333,1371
71040,1902,1372
71048,1130,1377
71061,639,1381
71049,992,1377
71047,1980,1376
71057,1470,1379
71056,1054,1380
71074,1645,1384
71046,1751,1376
71065,1959,1381
71071,2329,1383
71060,479,1383
71062,705,1382
71052,1588,1379
71068,2552,1381
71051,1887,1377
71053,1998,1378
71110,823,1396
71078,1428,1385
71079,1453,1386
71064,1833,1382
71059,2013,1379
71072,2347,1383
71070,733,1384
71063,1698,1383
71058,1856,1380
71066,2195,1381
71088,1275,1388
71054,2088,1379
71067,2260,1382
71080,443,1386
71075,1772,1383
71091,2420,1388
71097,582,1392
71086,846,1388
71073,1170,1385
71082,1533,1386
71083,1573,1388
71096,1785,1390
71076,2036,1386
71090,2371,1388
71092,2523,1388
71077,512,1386
71087,1228,1388
71084,2208,1386
71093,1027,1388
71094,1086,1389
71112,1208,1397
71098,1333,1393
71107,1511,1395
71085,2243,1386
71081,1407,1388
71101,2394,1390
71103,938,1392
71095,1188,1390
71099,1351,1389
71104,2066,1392
71142,2631,1401
71105,973,1392
71106,1297,1395
71089,1601,1389
71100,1989,1392
71109,1619,1395
71122,2679,1397
71124,1666,1397
71114,2659,1395
71102,494,1392
71118,1146,1398
71108,1947,1393
71115,424,1398
71111,1044,1395
71140,1374,1400
71134,1486,1400
71126,1888,1398
71138,913,1402
71116,1061,1397
71117,1125,1396
71119,1249,1397
71113,1853,1396
71128,2487,1398
71161,517,1408
71132,2591,1399
71121,2320,1399
71147,1546,1404
71120,1588,1397
71149,2296,1403
71133,313,1402
71125,1836,1399
71127,2093,1398
71151,333,1405
71137,703,1403
71144,1019,1404
71129,1167,1399
71233,1320,1415
71146,1442,1405
71168,1704,1409
71123,506,1399
71131,2214,1399
71185,716,1412
71143,795,1403
71139,1108,1402
71152,1183,1406
71145,1359,1404
71130,2139,1400
71135,2155,1401
71150,2353,1403
71136,2444,1400
71153,2552,1405
71167,1422,1410
71141,1932,1402
71175,644,1413
71164,252,1407
71173,439,1412
71174,986,1412
71148,2252,1403
71165,542,1408
71156,850,1407
71170,1082,1410
71176,1460,1415
71163,2424,1408
71155,475,1406
71157,1390,1407
71158,1600,1407
71172,2399,1411
71159,2122,1407
71154,460,1407
71160,498,1407
71186,766,1416
71162,1947,1407
71169,2224,1409
71166,1042,1410
71182,1273,1417
71217,135,1423
71227,1062,1421
71171,1779,1411
71195,2605,1418
71196,555,1418
71177,1659,1413
71178,1983,1412
71183,2343,1414
71192,683,1417
71180,925,1415
71187,1167,1416
71191,2661,1417
71211,614,1422
71181,1123,1415
71193,1335,1419
71210,2518,1420
71202,489,1418
71203,734,1421
71228,1474,1427
71194,1512,1417
71220,1589,1421
71205,1619,1418
71179,2326,1414
71208,2443,1420
71209,2466,1419
71189,1830,1416
71190,1959,1416
71184,624,1449
71188,1759,1417
71198,2003,1419
71200,2488,1420
71201,32,1420
71218,1197,1423
71213,1306,1422
71215,2042,1421
71229,1557,1424
71206,1867,1420
71207,1935,1421
71244,2367,1425
71212,960,1421
71204,1107,1419
71224,1528,1425
71197,841,1420
71223,1093,1422
71199,2190,1419
71216,2335,1422
71226,782,1426
71219,1363,1423
71214,1919,1421
71238,1350,1429
71239,1380,1428
71230,1787,1425
71221,1971,1423
71225,2262,1423
71236,249,1428
71237,1156,1427
71256,307,1434
71222,825,1424
71249,1290,1430
71246,1399,1428
71234,1442,1427
71245,2415,1428
71263,14,1436
71231,868,1427
71288,888,1435
71232,1040,1427
71240,1654,1428
71247,1988,1429
71243,2313,1427
71235,2295,1428
71257,390,1434
71242,2212,1427
71264,481,1437
71265,664,1434
71289,1567,1443
71252,1634,1433
71241,1887,1428
71258,410,1435
71273,459,1437
71250,563,1434
71262,1949,1435
71278,2673,1437
71248,1076,1429
71251,1425,1433
71253,1750,1433
71254,2238,1433
71274,683,1437
71261,1678,1436
71279,907,1438
71260,1108,1434
71267,1545,1437
71270,2339,1436
71255,2479,1435
71271,39,1438
71259,1087,1436
71285,1500,1439
71268,1904,1435
71286,1971,1440
71276,2088,1438
71313,2354,1446
71282,2644,1439
71283,753,1440
71266,937,1435
71269,1921,1436
71272,444,1438
71295,714,1445
71298,1128,1445
71281,1861,1438
71275,980,1437
71290,2225,1442
71277,2440,1438
71293,2540,1443
71299,1209,1445
71297,959,1445
71284,1152,1440
71280,1588,1440
71302,1617,1445
71292,1074,1444
71300,1411,1447
71312,1514,1447
71303,1659,1446
71306,1879,1447
71314,2460,1450
71296,926,1446
71287,2195,1440
71318,2590,1452
71310,1055,1451
71305,1601,1447
71301,1532,1445
71311,181,1451
71308,351,1448
71325,1289,1457
71304,1451,1447
71294,245,1446
71291,850,1444
71324,1155,1453
71316,1479,1452
71330,1007,1456
71309,1790,1447
71319,1908,1454
71329,2072,1456
71307,2106,1447
71320,603,1452
71315,1103,1453
71326,1432,1457
71346,1686,1460
71317,1925,1452
71341,663,1460
71321,1312,1454
71335,1337,1458
71338,1803,1457
71337,1646,1457
71339,403,1460
71333,474,1458
71327,1761,1455
71322,2193,1454
71351,2330,1461
71342,838,1459
71350,873,1460
71334,978,1458
71357,1230,1464
71345,1584,1458
71331,1983,1457
71328,1996,1456
71343,910,1461
71365,2527,1465
71358,418,1465
71323,513,1455
71348,2666,1460
71355,2678,1472
71332,325,1458
71340,528,1459
71344,1541,1459
71352,944,1462
71362,1076,1465
71336,1525,1460
71384,570,1472
71371,1119,1471
71356,1175,1463
71353,1632,1461
71364,1940,1464
71354,2113,1462
71347,2256,1460
71369,2627,1474
71366,593,1471
71349,647,1461
71360,803,1465
71376,1598,1471
71368,2495,1467
71361,890,1465
71363,1138,1465
71378,2388,1470
71374,690,1471
71390,261,1475
71391,492,1474
71359,547,1466
71415,711,1477
71370,958,1471
71401,1200,1477
71372,1956,1470
71367,2167,1467
71375,1321,1471
71373,1974,1469
71383,2028,1473
71399,512,1476
71392,1162,1478
71402,1364,1476
71380,1764,1473
71396,1872,1476
71389,2459,1473
71393,1471,1476
71381,1793,1473
71395,1854,1477
71388,2309,1474
71403,2417,1477
71425,1307,1483
71398,453,1476
71404,850,1479
71386,1578,1475
71410,1615,1479
71423,2588,1482
71413,634,1479
71382,1991,1473
71377,2005,1471
71434,2562,1486
71414,672,1480
71405,868,1478
71400,972,1477
71379,1001,1473
71385,1028,1474
71406,1494,1478
71407,1533,1478
71394,1554,1475
71421,1640,1485
71387,2255,1475
71416,750,1480
71408,1892,1478
71417,1014,1481
71411,1737,1480
71412,2144,1479
71419,988,1482
71431,1447,1485
71409,2074,1478
71397,2607,1476
71428,527,1486
71455,793,1496
71420,1069,1483
71430,1144,1486
71418,936,1482
71426,2058,1484
71422,2178,1481
71440,2520,1489
71424,889,1483
71437,554,1489
71456,911,1493
71427,2212,1483
71436,2270,1486
71439,2483,1489
71441,1278,1489
71432,1942,1484
71446,1972,1490
71438,2089,1488
71429,616,1487
71444,1571,1491
71433,2238,1486
71442,2353,1487
71447,1991,1491
71450,13,1492
71453,423,1494
71454,660,1494
71451,951,1492
71443,1324,1491
71435,1836,1487
71448,2043,1489
71471,2378,1498
71452,2398,1492
71466,1953,1497
71465,1784,1497
71449,2309,1491
71473,1290,1499
71457,2255,1495
71459,817,1496
71445,1597,1491
71479,2030,1502
71481,2674,1499
71460,275,1498
71467,480,1498
71485,1062,1501
71474,1354,1499
71495,1888,1503
71496,764,1506
71462,973,1497
71475,1010,1498
71463,1484,1496
71469,1554,1498
71458,503,1497
71483,641,1502
71461,689,1497
71476,1091,1501
71478,1218,1500
71464,1528,1497
71525,580,1510
71472,624,1499
71468,857,1498
71477,1194,1502
71499,1738,1505
71470,1845,1498
71494,1867,1503
71491,2468,1503
71504,2652,1507
71518,601,1509
71480,2051,1501
71482,65,1502
71509,705,1507
71484,887,1503
71510,1170,1510
71487,2189,1503
71488,2208,1503
71489,2334,1502
71490,2349,1504
71512,1503,1509
71516,2417,1509
71505,210,1509
71486,1591,1503
71521,1718,1509
71503,2224,1506
71506,511,1509
71511,1240,1508
71492,1327,1505
71519,728,1510
71520,1471,1509
71514,1756,1510
71533,101,1516
71507,527,1510
71497,1120,1506
71513,1605,1508
71493,1634,1505
71498,1833,1506
71508,542,1509
71501,935,1507
71522,1937,1510
71515,2245,1509
71517,442,1509
71502,956,1507
71524,1407,1511
71500,675,1508
71523,823,1513
71529,990,1514
71526,1338,1513
71551,2269,1518
71553,2539,1518
71538,413,1516
71531,1048,1514
71557,1298,1520
71540,1487,1518
71594,1989,1523
71535,1314,1513
71558,1535,1521
71527,1974,1513
71537,2087,1514
71543,2560,1517
71554,61,1519
71544,968,1518
71545,1380,1518
71532,2485,1513
71541,1647,1517
71528,852,1515
71555,1075,1520
71569,1280,1522
71547,1566,1517
71542,1917,1518
71550,2153,1518
71552,2399,1519
71577,340,1523
71539,471,1516
71530,1012,1515
71536,1354,1517
71548,1677,1517
71549,2131,1518
71546,1551,1517
71559,2328,1519
71562,1842,1521
71563,2103,1520
71595,143,1530
71583,264,1526
71586,1110,1526
71556,1201,1520
71534,1219,1516
71591,1257,1527
71587,1459,1526
71570,2017,1522
71582,2503,1524
71584,560,1526
71576,2203,1523
71581,2230,1524
71571,2381,1523
71566,2677,1521
71567,388,1521
71561,620,1521
71568,886,1523
71573,1443,1523
71575,1876,1524
71579,932,1526
71592,1326,1528
71580,1591,1524
71574,1612,1523
71560,310,1521
71589,1037,1526
71599,1163,1529
71593,1855,1529
71564,2180,1522
71565,2309,1520
71572,2469,1522
71585,653,1526
71578,751,1524
71588,428,1527
71610,775,1535
71590,1424,1527
71596,460,1531
71609,710,1533
71604,2360,1530
71622,2627,1535
71607,2653,1532
71605,200,1532
71612,586,1535
71601,1740,1529
71603,1957,1530
71606,482,1531
71597,636,1529
71598,836,1530
71600,1409,1530
71629,1580,1540
71611,1759,1533
71602,1825,1531
71619,1233,1535
71614,2005,1534
71623,503,1537
71636,909,1541
71613,1358,1533
71620,1475,1536
71621,2136,1535
71617,2339,1533
71608,600,1534
71632,1391,1539
71624,1560,1537
71630,2187,1538
71627,2312,1536
71646,405,1543
71631,995,1539
71615,2076,1533
71616,2215,1535
71618,666,1536
71653,1343,1543
71625,1645,1536
71655,2296,1543
71641,788,1541
71643,1216,1540
71637,1309,1539
71633,1658,1539
71639,1969,1541
71645,2477,1542
71642,1057,1541
71652,1082,1544
71626,1906,1537
71657,2529,1544
71628,687,1538
71638,1374,1541
71644,2059,1542
71635,2678,1540
71640,9,1541
71647,536,1541
71682,1123,1548
71649,630,1545
71668,887,1548
71660,1514,1545
71634,1683,1539
71663,1865,1547
71656,2425,1543
71665,2115,1546
71666,255,1547
71676,314,1548
71659,1404,1546
71661,1533,1547
71670,1624,1546
71648,2017,1544
71674,2554,1548
71667,427,1548
71669,1149,1547
71662,1719,1546
71673,2505,1549
71687,380,1553
71650,650,1545
71651,1039,1545
71677,1180,1548
71678,1200,1547
71675,2609,1548
71679,1422,1548
71671,1672,1548
71684,1693,1550
71654,2271,1544
71688,1301,1552
71685,1939,1551
71664,1982,1547
71742,202,1565
71672,2339,1547
71680,2361,1549
71697,1491,1554
71691,2322,1553
71681,798,1550
71694,1265,1555
71690,2177,1553
71699,610,1556
71702,745,1556
71689,1325,1553
71703,1455,1556
71717,2589,1559
71695,1283,1554
71658,1358,1548
71696,1437,1554
71714,2209,1558
71710,2259,1559
71715,2282,1559
71686,2377,1551
71752,2450,1567
71701,479,1556
71692,702,1554
71693,958,1553
71712,978,1558
71700,1758,1556
71698,1789,1554
71708,1905,1558
71683,2001,1551
71735,2476,1563
71725,510,1561
71704,1558,1556
71705,74,1558
71730,121,1563
71711,662,1560
71707,1232,1559
71751,2235,1566
71718,286,1559
71723,1989,1561
71728,2061,1561
71727,1368,1562
71713,2155,1560
71736,527,1565
71739,1636,1564
71722,1886,1561
71750,1961,1566
71724,2077,1561
71741,2417,1565
71726,787,1563
71706,995,1559
71744,1045,1566
71719,1159,1561
71720,1248,1562
71733,1384,1563
71721,1829,1560
71729,2125,1562
71716,2349,1559
71737,684,1564
71743,805,1566
71732,1213,1564
71763,1727,1569
71709,2046,1559
71797,545,1575
71746,769,1568
71756,931,1570
71747,1137,1567
71738,1348,1564
71734,1413,1563
71754,466,1569
71745,1192,1566
71753,2658,1567
71771,265,1572
71776,598,1581
71731,834,1563
71760,1072,1570
71748,1514,1567
71773,1667,1572
71749,1712,1568
71740,2380,1565
71767,575,1568
71761,1175,1569
71774,1873,1573
71811,155,1581
71755,636,1568
71804,437,1574
71768,1297,1572
71762,1312,1569
71787,2338,1575
71782,98,1575
71759,966,1571
71824,1531,1583
71810,55,1580
71803,313,1579
71778,1024,1573
71757,1563,1569
71758,2322,1569
71789,2535,1575
71817,2675,1583
71798,724,1576
71772,846,1572
71812,911,1582
71764,1855,1570
71765,2197,1572
71766,2367,1571
71821,2558,1577
71802,2637,1578
71790,359,1577
71779,1101,1573
71769,1327,1572
71791,1402,1576
71800,1446,1578
71786,1939,1574
71796,2510,1575
71775,70,1574
71783,398,1575
71792,1496,1577
71793,1585,1575
71770,1759,1572
71795,1915,1576
71801,2031,1578
71808,2290,1580
71788,2393,1575
71809,2609,1579
71823,886,1582
71784,1121,1576
71785,1684,1576
71814,2006,1581
71781,2308,1574
71818,652,1583
71777,707,1574
71805,450,1578
71813,1159,1581
71799,1269,1578
71780,1233,1575
71794,1826,1576
71829,2073,1587
71806,612,1579
71815,1462,1582
71820,1784,1582
71830,834,1587
71819,860,1583
71837,2579,1588
71845,512,1592
71827,1088,1587
71841,1205,1588
71825,1565,1585
71816,1610,1581
71836,1982,1589
71807,686,1579
71849,779,1592
71831,1012,1587
71832,1374,1586
71833,1479,1587
71834,1754,1589
71839,558,1590
71876,1281,1598
71838,18,1589
71822,573,1585
71828,633,1588
71840,1181,1589
71844,471,1591
71880,973,1600
71852,1139,1592
71853,1322,1591
71888,1337,1597
71842,1359,1588
71863,2187,1594
71843,2347,1589
71855,2396,1592
71826,620,1587
71854,1824,1593
71859,1849,1593
71868,1387,1596
71835,1935,1588
71848,2253,1590
71872,2322,1595
71860,263,1596
71862,1065,1594
71846,1101,1592
71867,1242,1597
71896,2240,1601
71865,2374,1596
71882,2449,1600
71864,390,1597
71861,427,1594
71879,715,1600
71851,1117,1592
71847,1259,1590
71857,1588,1594
71858,1622,1592
71885,527,1600
71886,1028,1603
71869,1504,1599
71873,2360,1598
71901,2306,1605
71866,583,1598
71850,946,1593
71909,1545,1605
71881,1660,1600
71871,1871,1597
71878,2271,1599
71883,2538,1600
71884,6,1603
71874,92,1599
71856,204,1593
71894,1350,1603
71889,1439,1601
71870,1609,1598
71895,1417,1602
71915,2219,1607
71875,681,1599
71887,1219,1602
71890,1635,1600
71918,2514,1605
71892,2562,1602
71908,1490,1606
71891,1647,1601
71931,2173,1609
71893,2639,1601
71938,696,1612
71898,867,1604
71906,1006,1605
71877,1566,1599
71912,1931,1605
71930,2147,1610
71937,636,1611
71928,1305,1610
71900,1468,1604
71897,196,1604
71935,416,1611
71904,480,1606
71939,760,1612
71905,934,1606
71899,1172,1604
71902,355,1606
71903,443,1605
71936,568,1610
71923,841,1609
71940,891,1613
71924,1077,1608
71913,1953,1605
71934,2682,1609
71919,57,1608
71926,1124,1611
71927,1190,1611
71942,1368,1612
71910,1694,1606
71925,1709,1608
71932,2346,1610
71945,2431,1612
71946,310,1613
71922,809,1609
71955,952,1616
71907,1102,1606
71911,1770,1606
71944,1839,1610
71916,2408,1608
71952,163,1614
71921,739,1609
71957,1392,1615
71947,1600,1613
71929,1911,1608
71933,2389,1609
71950,2665,1612
71966,336,1618
71917,2482,1609
71964,397,1617
71914,909,1608
71941,1142,1611
71951,1753,1614
71920,137,1610
71953,242,1615
71956,1321,1616
71992,1518,1621
71943,1587,1611
71948,1883,1612
71961,2579,1614
71987,2628,1622
71963,116,1618
71982,1156,1621
71969,2608,1618
71970,2649,1620
71996,276,1624
71958,1571,1615
71960,2287,1616
71954,675,1616
71962,1616,1616
72002,2268,1625
71971,71,1620
71973,453,1620
71967,1229,1616
71968,1777,1620
71949,2326,1612
71995,2497,1623
71988,27,1622
71989,377,1624
71974,790,1620
71980,1821,1619
71959,2194,1615
72015,2209,1628
71983,1210,1621
71986,2375,1621
71965,1249,1616
72005,1681,1624
71998,506,1623
71975,1109,1623
71984,1337,1622
71977,1472,1621
71978,1532,1621
71985,1630,1621
71994,1938,1624
71972,362,1621
72003,711,1624
72001,1411,1625
71976,1441,1620
72013,193,1628
72008,520,1626
71999,871,1626
72000,1010,1625
72018,1172,1629
71979,1700,1621
72011,1966,1626
72007,2068,1626
72027,150,1632
71981,614,1621
71991,1278,1623
71993,1559,1623
72006,1849,1627
72021,2339,1630
72012,2530,1627
72023,929,1631
72017,1069,1630
72025,1357,1630
72010,1760,1626
72041,2398,1637
72004,729,1625
71990,1086,1622
72024,1255,1632
72016,2245,1628
72009,1235,1628
72019,1494,1629
72031,1289,1633
72029,2593,1633
71997,437,1625
72014,1881,1628
72038,2111,1634
72034,2432,1634
72061,805,1641
72045,1092,1637
72020,1547,1630
72044,658,1634
72049,1829,1636
72028,2189,1632
72072,9,1639
72064,84,1641
72035,487,1637
72030,1139,1633
72036,622,1635
72076,853,1644
72037,1427,1635
72042,2465,1634
72022,907,1631
72050,1863,1636
72071,2174,1640
72053,2547,1637
72026,2565,1631
72054,353,1637
72043,603,1635
72051,1901,1637
72065,132,1640
72077,1192,1640
72033,2287,1633
72039,2304,1636
72046,1382,1636
72048,1813,1637
72040,2318,1635
72058,531,1640
72078,1219,1643
72062,1655,1638
72032,1794,1634
72052,2142,1636
72066,429,1640
72055,473,1639
72068,571,1640
72079,1323,1643
72047,1628,1637
72090,1733,1651
72070,1943,1640
72060,700,1640
72140,118,1659
72067,559,1640
72059,587,1639
72073,1127,1642
72057,1479,1638
72080,1535,1642
72063,1764,1638
72082,241,1645
72087,500,1647
72069,1681,1642
72074,1975,1641
72075,2095,1641
72091,2226,1645
72092,2490,1647
72056,715,1638
72095,1346,1647
72104,2250,1649
72108,302,1650
72085,1020,1646
72089,1639,1647
72086,1746,1645
72098,1299,1649
72107,2575,1651
72096,390,1648
72083,439,1647
72122,904,1655
72088,967,1645
72102,1520,1649
72081,1880,1645
72093,2643,1646
72094,1160,1648
72117,1367,1652
72106,1782,1651
72105,190,1651
72084,611,1647
72134,2291,1655
72116,645,1653
72097,1145,1649
72099,1411,1651
72103,1549,1652
72111,1836,1652
72113,2528,1653
72100,1470,1649
72125,2329,1655
72114,22,1654
72128,376,1655
72115,404,1654
72150,1243,1659
72101,1486,1649
72112,1855,1652
72127,2620,1652
72120,357,1655
72109,630,1653
72110,1059,1652
72123,1392,1653
72119,1805,1654
72152,220,1662
72151,2209,1660
72153,940,1660
72162,1263,1664
72159,153,1662
72121,597,1655
72143,740,1658
72176,2054,1666
72173,2160,1663
72126,2372,1654
72139,2551,1657
72133,1505,1655
72138,2441,1656
72204,2593,1669
72129,582,1656
72144,971,1661
72147,1281,1658
72132,1334,1656
72124,1656,1655
72157,1870,1661
72166,67,1663
72130,704,1656
72131,1077,1656
72181,1097,1668
72154,1124,1662
72135,1676,1656
72118,1761,1654
72192,2188,1668
72136,2272,1657
72203,2315,1672
72141,316,1658
72188,533,1669
72160,694,1667
72145,1110,1656
72146,1176,1659
72155,1195,1661
72164,1607,1662
72148,2512,1660
72142,567,1658
72156,1444,1660
72172,1956,1663
72177,2136,1665
72137,2421,1656
72158,2358,1661
72167,1007,1664
72168,1047,1664
72169,1227,1665
72182,1377,1665
72171,1932,1664
72193,2632,1667
72179,515,1666
72163,1489,1663
72174,2387,1665
72178,331,1667
72149,426,1660
72161,1143,1665
72170,1532,1665
72165,1642,1663
72175,1889,1666
72184,2239,1668
72208,2412,1671
72190,1667,1667
72197,2016,1668
72187,439,1666
72180,551,1666
72183,1587,1666
72211,1818,1673
72198,95,1671
72206,1163,1672
72194,1351,1669
72191,1753,1667
72185,2493,1666
72196,1418,1668
72205,498,1671
72200,715,1671
72213,40,1675
72186,363,1668
72199,473,1672
72201,857,1670
72227,1069,1678
72207,1331,1671
72220,1518,1677
72212,2467,1673
72209,296,1674
72189,576,1669
72234,813,1677
72195,1400,1669
72202,1849,1670
72247,753,1683
72222,1681,1675
72248,1285,1684
72238,2272,1681
72233,382,1679
72218,1459,1675
72217,2037,1673
72253,2377,1684
72255,2611,1684
72244,191,1684
72223,426,1678
72224,586,1677
72210,605,1674
72214,779,1674
72215,875,1675
72228,1204,1678
72249,1305,1683
72231,1710,1678
72243,2532,1683
72271,310,1687
72219,1485,1675
72235,1503,1680
72230,1661,1680
72256,672,1684
72216,973,1676
72225,1036,1680
72264,1364,1687
72259,1385,1685
72229,1440,1678
72221,1643,1676
72252,2354,1685
72270,2497,1687
72236,457,1681
72241,793,1683
72265,1472,1686
72266,1561,1686
72226,1573,1677
72251,1976,1684
72254,2557,1683
72285,726,1690
72278,910,1688
72263,1180,1686
72275,1878,1689
72232,251,1679
72246,550,1685
72240,620,1683
72257,1128,1684
72258,1147,1686
72260,1415,1686
72237,1592,1682
72262,1857,1685
72245,361,1684
72261,1725,1686
72268,1754,1686
72250,1936,1685
72242,2087,1682
72272,337,1687
72276,1958,1688
72239,154,1684
72269,1799,1686
72280,2026,1690
72281,2238,1688
72287,847,1692
72322,1248,1699
72273,1326,1689
72289,1347,1692
72277,77,1689
72293,219,1693
72284,696,1689
72267,1696,1687
72291,2141,1691
72292,2162,1691
72283,414,1691
72295,1111,1693
72274,1489,1688
72279,1547,1689
72298,2007,1691
72286,500,1690
72294,570,1692
72313,873,1698
72300,1082,1695
72323,1538,1701
72301,1834,1695
72302,2447,1694
72321,818,1700
72288,1029,1696
72290,1579,1692
72282,2463,1691
72308,290,1697
72296,1217,1692
72310,1768,1697
72299,1002,1693
72338,2119,1703
72317,2198,1698
72339,92,1705
72312,684,1699
72326,962,1700
72318,2291,1698
72314,928,1698
72309,1443,1696
72306,1658,1696
72303,139,1695
72304,458,1696
72305,586,1695
72311,601,1697
72346,2254,1705
72307,172,1697
72325,522,1701
72315,1503,1698
72316,1731,1698
72319,2320,1699
72362,241,1714
72329,369,1704
72320,798,1700
72328,1196,1701
72297,1591,1695
72336,1696,1703
72324,2590,1700
72340,615,1705
72333,654,1705
72334,1013,1706
72341,1151,1704
72351,1423,1707
72358,2556,1706
72356,2226,1708
72378,2617,1713
72332,490,1703
72363,505,1716
72327,1169,1702
72330,1519,1702
72348,337,1706
72349,471,1706
72337,1857,1705
72357,2519,1708
72331,438,1704
72354,1220,1707
72355,1338,1709
72343,1782,1704
72344,1797,1705
72347,320,1707
72350,1118,1707
72372,1401,1710
72352,1470,1706
72353,1608,1707
72367,1675,1710
72345,1821,1705
72371,1051,1712
72365,1092,1711
72335,1291,1705
72373,1487,1711
72342,1719,1706
72361,1995,1711
72375,2172,1711
72379,146,1713
72387,727,1718
72384,897,1712
72368,1889,1710
72366,1585,1711
72381,2077,1715
72391,198,1736
72359,566,1709
72364,668,1711
72360,1927,1709
72369,2481,1710
72376,401,1713
72380,426,1714
72374,1740,1711
72390,114,1719
72382,349,1716
72383,758,1716
72370,849,1712
72377,1316,1713
72385,1363,1715
72389,1756,1716
72399,1181,1719
72395,921,1718
72393,787,1719
72386,1441,1714
72396,1507,1718
72398,281,1721
72403,1838,1719
72423,2326,1725
72404,458,1721
72425,837,1725
72402,1726,1720
72397,2286,1718
72407,1270,1725
72400,1289,1719
72420,1457,1725
72405,684,1721
72392,706,1719
72394,866,1719
72412,1165,1722
72418,2264,1723
72424,812,1727
72388,1382,1716
72401,1709,1720
72408,1779,1722
72429,2571,1726
72406,940,1722
72419,1207,1724
72410,444,1722
72411,599,1722
72426,1301,1726
72416,1694,1724
72417,1798,1725
72428,2304,1726
72430,222,1726
72414,1145,1723
72433,1253,1729
72415,1545,1724
72459,2150,1736
72409,2155,1718
72431,634,1727
72438,1224,1730
72413,1347,1723
72421,1857,1725
72460,2177,1735
72440,2485,1731
72422,2238,1725
72451,2536,1732
72442,546,1732
72432,1126,1728
72465,1826,1736
72467,1965,1734
72435,2131,1727
72455,2420,1733
72441,319,1732
72444,655,1731
72450,1810,1731
72458,1431,1734
72448,1566,1732
72449,1641,1732
72480,171,1740
72463,528,1735
72443,563,1731
72434,696,1729
72427,1402,1727
72462,291,1737
72445,668,1729
72446,905,1732
72437,1110,1730
72439,1587,1729
72453,1738,1734
72475,2054,1736
72461,2352,1735
72436,156,1731
72492,465,1742
72469,970,1737
72471,1312,1737
72472,1338,1736
72452,1417,1734
72522,2117,1745
72486,2280,1739
72491,136,1743
72456,383,1735
72447,989,1732
72474,1502,1737
72457,869,1734
72473,1364,1737
72488,1482,1741
72464,1720,1736
72516,2236,1745
72479,2394,1738
72529,2671,1749
72497,414,1742
72468,492,1737
72502,1383,1744
72484,1539,1739
72476,1670,1741
72454,1904,1733
72498,435,1743
72493,589,1740
72495,773,1743
72485,1762,1739
72466,1867,1736
72494,674,1742
72510,849,1747
72483,1236,1740
72470,1281,1738
72477,1686,1739
72478,1707,1738
72527,2086,1750
72504,2441,1744
72481,617,1739
72499,1140,1742
72519,1166,1745
72489,1891,1741
72508,734,1744
72531,793,1751
72500,1184,1742
72496,264,1743
72523,604,1748
72507,703,1744
72487,1402,1742
72490,1933,1741
72503,2259,1744
72509,825,1745
72520,1293,1750
72521,2002,1745
72515,2217,1745
72517,2298,1744
72505,2517,1743
72546,106,1755
72511,891,1745
72501,1203,1743
72512,1326,1745
72533,1443,1751
72518,2562,1746
72525,921,1751
72542,949,1754
72514,1852,1744
72526,1102,1750
72564,1350,1755
72506,2587,1744
72482,641,1741
72532,874,1750
72524,1520,1747
72530,628,1752
72536,717,1754
72538,1575,1752
72513,1805,1746
72540,2203,1753
72554,238,1756
72537,1049,1753
72548,1126,1755
72543,1261,1755
72534,1698,1752
72539,1789,1753
72545,1978,1754
72575,2470,1761
72553,154,1757
72535,649,1753
72563,1193,1759
72558,1463,1755
72569,1814,1759
72528,2484,1749
72561,310,1759
72550,1239,1755
72560,1742,1757
72552,1867,1756
72541,486,1754
72567,555,1759
72549,1214,1756
72559,1553,1757
72570,2500,1759
72547,531,1755
72551,1313,1756
72544,1612,1755
72576,2537,1763
72565,1711,1759
72594,2333,1766
72566,290,1759
72557,1337,1756
72573,1762,1761
72555,421,1758
72556,667,1757
72577,344,1762
72568,684,1759
72637,1052,1775
72580,1688,1764
72578,513,1763
72584,1009,1765
72562,1147,1758
72574,1848,1763
72592,2143,1766
72596,826,1770
72583,905,1765
72585,1112,1765
72591,2061,1765
72605,2192,1769
72582,752,1763
72572,1391,1765
72581,327,1765
72571,401,1760
72604,1938,1770
72593,2165,1766
72601,2223,1767
72610,1158,1771
72597,1280,1766
72579,1599,1763
72590,1673,1766
72635,187,1777
72612,409,1772
72587,871,1767
72589,1323,1766
72611,2386,1771
72586,129,1766
72598,600,1768
72599,638,1770
72615,697,1771
72588,1302,1767
72603,1827,1770
72607,270,1771
72602,428,1770
72595,615,1767
72631,1229,1776
72639,2241,1778
72606,2257,1769
72619,2577,1774
72608,370,1771
72614,540,1773
72600,1374,1768
72613,479,1772
72621,718,1776
72622,888,1776
72609,1136,1772
72618,1632,1774
72625,2277,1776
72634,2445,1777
72641,808,1779
72632,1357,1776
72629,673,1776
72646,853,1780
72616,1455,1773
72633,1509,1777
72620,226,1776
72627,352,1777
72630,737,1776
72651,1329,1781
72624,1435,1776
72653,2094,1780
72626,285,1776
72628,653,1777
72672,787,1788
72623,923,1775
72642,1487,1781
72617,1614,1774
72682,2049,1787
72654,145,1782
72636,759,1780
72656,975,1782
72638,1209,1778
72657,1730,1782
72644,254,1779
72649,1188,1780
72659,1248,1784
72668,1983,1785
72640,562,1783
72655,448,1782
72647,941,1779
72650,1266,1780
72670,1534,1786
72658,509,1783
72645,591,1780
72664,1284,1786
72660,1305,1785
72652,1398,1780
72643,1660,1780
72676,2217,1788
72683,117,1790
72648,1113,1780
72665,1645,1785
72663,1082,1784
72674,1380,1787
72661,1672,1783
72681,1796,1789
72706,2133,1795
72691,2160,1791
72669,2488,1784
72662,613,1784
72666,1689,1784
72698,1815,1790
72697,1409,1791
72692,2188,1791
72700,2367,1793
72690,1460,1791
72667,1861,1783
72689,1877,1790
72695,900,1793
72688,1573,1789
72671,2262,1786
72677,2407,1788
72679,872,1791
72673,1063,1786
72680,1714,1790
72675,1745,1787
72705,1924,1796
72684,290,1790
72693,366,1792
72685,924,1791
72686,1023,1790
72678,642,1788
72719,959,1801
72687,1152,1791
72694,597,1798
72713,1353,1797
72704,1902,1796
72734,2467,1804
72701,261,1797
72703,1833,1796
72699,763,1795
72696,1195,1793
72707,307,1796
72711,533,1798
72708,738,1796
72715,1954,1798
72717,208,1799
72709,427,1797
72712,631,1798
72716,669,1802
72702,1114,1795
72714,1655,1798
72733,2384,1804
72767,2617,1809
72718,241,1800
72710,519,1798
72721,1050,1802
72736,1067,1805
72730,1170,1804
72726,2081,1803
72722,2565,1802
72728,1097,1804
72729,1133,1804
72725,1204,1802
72740,846,1806
72720,1258,1801
72742,1321,1806
72743,1339,1807
72744,446,1809
72731,1225,1804
72737,1421,1807
72759,2107,1812
72751,184,1809
72727,939,1805
72735,991,1806
72762,1032,1811
72724,722,1803
72739,383,1807
72757,2179,1810
72746,822,1809
72765,1492,1812
72723,509,1803
72749,1387,1809
72753,470,1810
72741,1243,1807
72732,1721,1806
72756,1783,1812
72763,1853,1813
72768,138,1817
72752,273,1811
72747,914,1809
72748,1371,1808
72754,1625,1810
72755,1643,1810
72738,2220,1807
72774,2044,1817
72775,2206,1816
72791,2520,1822
72745,608,1808
72772,767,1816
72766,1286,1814
72750,2248,1808
72782,2396,1819
72760,585,1813
72758,1740,1811
72778,1995,1818
72773,975,1817
72784,1112,1820
72786,1557,1821
72798,2346,1824
72800,2442,1826
72769,401,1817
72771,507,1816
72761,630,1813
72792,220,1822
72764,322,1814
72776,1189,1817
72780,1610,1818
72781,2158,1819
72793,245,1823
72785,1211,1821
72777,1691,1818
72770,487,1817
72779,1073,1821
72794,865,1824
72790,1358,1822
72814,2280,1828
72807,2368,1827
72788,523,1823
72825,719,1830
72795,928,1825
72811,1140,1828
72789,1248,1822
72806,1889,1827
72783,364,1820
72787,1727,1819
72817,813,1830
72824,2234,1831
72808,165,1828
72810,610,1828
72819,1166,1832
72799,1638,1826
72836,2072,1836
72837,2417,1835
72805,1010,1826
72818,1083,1829
72820,1427,1829
72797,2135,1825
72844,2184,1836
72821,567,1830
72822,664,1831
72816,791,1829
72802,841,1829
72803,906,1827
72804,959,1827
72859,1058,1836
72812,1322,1829
72813,1517,1828
72796,595,1826
72826,1399,1832
72827,1482,1833
72823,681,1830
72861,2593,1842
72809,303,1830
72801,500,1829
72830,1040,1835
72832,1813,1834
72842,1021,1837
72831,1276,1833
72841,1369,1838
72815,481,1830
72855,881,1840
72849,987,1838
72828,185,1834
72834,265,1835
72829,328,1833
72839,742,1837
72833,1842,1833
72838,361,1838
72854,768,1840
72860,1096,1842
72840,1193,1836
72852,2153,1841
72848,695,1838
72843,1230,1837
72850,1503,1839
72858,1984,1839
72835,648,1834
72851,1959,1839
72885,2208,1850
72845,282,1839
72853,531,1840
72847,590,1838
72856,1213,1843
72863,1461,1844
72846,391,1839
72857,1246,1841
72864,1852,1845
72862,2311,1844
72871,2393,1848
72884,1333,1850
72877,1421,1849
72867,509,1845
72876,908,1848
72869,157,1848
72879,1684,1849
72866,300,1846
72873,449,1849
72870,643,1848
72900,1561,1854
72865,253,1846
72868,599,1847
72892,1287,1852
72880,1823,1849
72881,2030,1848
72903,2544,1856
72874,465,1848
72882,1071,1850
72896,1174,1854
72887,1382,1851
72878,1445,1850
72872,226,1849
72875,571,1848
72889,675,1851
72890,965,1852
72898,1116,1854
72926,1763,1863
72895,808,1854
72894,701,1854
72901,1932,1854
72893,186,1853
72886,658,1851
72891,1026,1852
72883,1141,1847
72888,368,1854
72918,1354,1863
72905,1537,1858
72897,998,1854
72910,1512,1859
72925,1609,1862
72906,1899,1857
72908,934,1858
72916,1011,1861
72913,1149,1860
72899,1230,1855
72909,1315,1859
72919,1723,1862
72914,1248,1860
72953,1407,1870
72907,275,1859
72904,315,1857
72955,2518,1870
72902,331,1856
72917,1052,1862
72924,1482,1863
72915,2075,1859
72927,2178,1864
72911,627,1860
72942,955,1871
72948,2637,1866
72922,756,1863
72912,874,1860
72947,977,1867
72938,2042,1865
72928,2369,1863
72956,2576,1869
72934,406,1865
72941,717,1866
72929,342,1865
72920,481,1862
72921,598,1864
72923,851,1864
72931,918,1864
72936,1096,1865
72954,2089,1870
72939,236,1867
72935,566,1866
72964,2150,1873
72943,215,1868
72944,425,1867
72946,687,1870
72932,171,1866
72930,496,1865
72952,1380,1872
72933,388,1866
72949,546,1870
72940,463,1867
72965,671,1876
72950,994,1870
72977,1666,1880
72951,1124,1869
72937,1678,1865
72978,1821,1880
72973,1910,1878
72957,1283,1871
72980,2118,1880
72958,2387,1872
72961,1036,1872
72968,265,1878
72959,356,1875
72945,533,1868
72962,634,1873
72999,2404,1887
72967,1080,1876
72963,1231,1873
72985,1301,1882
72983,874,1880
72989,2273,1881
72960,608,1873
72981,2197,1880
72976,1164,1877
72969,731,1879
72970,826,1877
72975,912,1881
72996,1132,1885
72966,1059,1878
72995,931,1885
72991,1015,1883
72988,1147,1883
73003,1568,1888
72986,452,1883
72984,1113,1881
72972,1207,1879
72974,473,1881
72987,751,1882
73002,1347,1888
72992,1533,1884
73004,1608,1890
73006,2302,1888
72990,318,1883
72993,581,1885
72994,848,1884
73010,2219,1890
72982,556,1881
72971,1096,1881
72979,1986,1880
73005,2055,1892
73011,493,1889
72998,812,1887
73019,996,1893
73023,1171,1894
73009,1436,1889
72997,414,1887
73001,948,1889
73014,2348,1890
73000,645,1888
73020,1032,1893
73025,706,1892
73018,976,1891
73017,610,1895
73008,1232,1890
73028,192,1895
73012,563,1891
73021,1068,1892
73016,545,1892
73024,1213,1892
73015,360,1892
73026,383,1894
73049,1768,1902
73027,466,1895
73007,599,1890
73061,632,1901
73031,832,1897
73022,1104,1893
73030,300,1895
73032,1086,1896
73054,1190,1907
73034,2186,1896
73047,231,1901
73029,276,1895
73035,861,1898
73036,2142,1898
73013,737,1893
73033,1118,1897
73039,213,1902
73070,1484,1910
73043,759,1901
73037,1943,1899
73063,2368,1905
73040,521,1901
73052,1056,1903
73065,1591,1908
73045,1864,1901
73038,1902,1906
73041,588,1901
73042,663,1902
73044,888,1902
73064,691,1907
73068,960,1908
73046,1883,1901
73050,1985,1902
73057,2280,1905
73058,458,1909
73051,395,1904
73059,505,1908
73053,676,1904
73062,1727,1905
73048,815,1902
73092,1136,1914
73055,1288,1905
73056,1388,1904
73069,1409,1909
73077,2480,1911
73072,487,1910
73101,716,1918
73060,565,1906
73073,736,1912
73084,1745,1914
73095,1819,1915
73078,2510,1911
73079,351,1913
73066,534,1910
73074,793,1909
73071,436,1910
73067,621,1910
73080,652,1912
73082,912,1909
73076,1352,1911
73086,2197,1911
73112,936,1916
73085,1097,1912
73083,979,1913
73088,1040,1915
73075,1120,1909
73093,1212,1916
73103,1693,1918
73097,381,1917
73081,851,1912
73089,1372,1915
73098,1432,1917
73124,2066,1928
73115,2385,1921
73099,290,1918
73091,824,1916
73114,1524,1920
73094,1564,1917
73102,1612,1918
73123,2544,1923
73087,880,1915
73107,1078,1920
73096,2044,1916
73109,2137,1920
73090,475,1916
73100,548,1918
73122,2409,1924
73110,202,1922
73151,2175,1931
73132,2268,1927
73104,334,1921
73134,754,1927
73116,318,1923
73106,603,1920
73128,909,1927
73121,1111,1928
73108,1960,1920
73131,2213,1927
73117,448,1924
73105,562,1920
73120,869,1923
73111,264,1921
73119,574,1924
73139,1025,1930
73130,1268,1925
73118,1317,1921
73113,1393,1923
73135,784,1929
73127,841,1928
73156,1289,1931
73137,1006,1927
73138,644,1929
73129,1223,1928
73126,627,1927
73136,950,1929
73163,2315,1936
73133,366,1929
73140,426,1930
73150,1338,1932
73166,689,1937
73148,1244,1932
73141,504,1930
73143,589,1930
73152,2238,1932
73145,471,1931
73125,490,1926
73178,770,1940
73146,888,1932
73147,971,1932
73160,1356,1934
73164,2460,1935
73144,232,1932
73142,528,1929
73161,542,1936
73149,1304,1932
73153,257,1934
73167,732,1938
73154,856,1933
73176,2508,1940
73165,610,1937
73155,1094,1934
73171,1552,1939
73169,1602,1937
73162,2111,1936
73189,2580,1944
73177,559,1939
73158,1062,1933
73181,1803,1941
73157,352,1935
73159,1124,1935
73173,1319,1941
73183,1776,1942
73172,311,1940
73170,393,1939
73190,522,1943
73168,935,1938
73216,1153,1951
73174,1495,1941
73199,1631,1946
73185,452,1944
73191,871,1945
73180,1000,1941
73204,2077,1948
73179,826,1940
73186,1207,1944
73175,1579,1939
73188,1993,1943
73197,664,1945
73209,986,1950
73194,1417,1946
73201,580,1948
73193,1387,1946
73184,2254,1943
73218,2360,1953
73182,282,1943
73206,1229,1949
73187,1530,1945
73203,1040,1948
73200,1956,1946
73195,339,1946
73208,905,1950
73192,1269,1946
73198,1440,1946
73205,2548,1948
73196,406,1948
73229,2197,1956
73219,792,1955
73202,837,1948
73211,889,1952
73233,1063,1959
73222,2299,1954
73232,921,1957
73215,1085,1952
73217,1363,1954
73212,1943,1951
73242,2149,1959
73239,2228,1960
73207,259,1951
73234,1110,1955
73248,1333,1962
73228,1593,1955
73213,222,1953
73236,746,1958
73225,852,1956
73221,1568,1955
73214,680,1954
73220,1249,1954
73210,353,1953
73231,647,1957
73226,937,1955
73227,1452,1955
73223,513,1956
73240,377,1958
73237,1725,1957
73261,456,1967
73241,482,1961
73244,533,1961
73230,283,1956
73267,1882,1969
73224,559,1957
73252,830,1964
73279,1552,1972
73275,2251,1974
73259,237,1968
73254,621,1965
73246,1047,1963
73247,1265,1962
73257,1285,1966
73238,1523,1961
73277,1800,1973
73249,2014,1961
73235,339,1960
73255,763,1967
73256,1206,1968
73243,2560,1964
73262,591,1968
73264,1660,1968
73268,2326,1969
73250,417,1963
73276,813,1973
73245,972,1962
73263,1093,1972
73258,1349,1966
73265,365,1969
73284,256,1971
73251,313,1964
73266,879,1970
73307,1026,1980
73283,2543,1975
73278,670,1974
73308,1500,1980
73280,1604,1976
73282,2486,1975
73260,298,1967
73289,946,1975
73298,1729,1979
73269,329,1970
73253,398,1967
73270,986,1970
73272,1116,1972
73273,1577,1971
73281,2297,1975
73286,567,1978
73274,1444,1971
73301,653,1978
73313,1001,1980
73271,1077,1972
73290,1170,1975
73291,1365,1979
73292,1533,1975
73294,543,1977
73305,636,1979
73295,1225,1976
73304,282,1979
73285,518,1976
73311,863,1981
73296,1243,1976
73287,720,1975
73317,965,1983
73314,1475,1981
73288,782,1975
73312,929,1982
73303,1945,1979
73306,844,1980
73302,914,1977
73309,1973,1979
73323,2014,1983
73293,504,1977
73299,2185,1977
73300,419,1979
73329,1184,1988
73319,1256,1984
73315,1959,1981
73297,1270,1978
73321,898,1985
73316,796,1982
73338,1046,1991
73320,403,1984
73333,691,1990
73327,1438,1987
73322,1760,1985
73324,2000,1986
73318,2029,1983
73342,2284,1996
73310,766,1982
73349,1098,1995
73330,1285,1989
73325,329,1989
73339,1068,1995
73351,1876,1997
73331,477,1989
73340,731,1992
73326,447,1988
73332,497,1990
73328,529,1989
73336,622,1994
73335,310,1991
73369,349,2001
73348,981,1998
73344,2117,1993
73334,780,1991
73337,829,1992
73365,1786,2001
73370,1155,2001
73341,1200,1992
73353,2316,1998
73343,394,1996
73350,1225,1996
73346,513,1996
73363,1546,2002
73358,1942,2001
73345,415,1995
73364,1583,2002
73352,2170,1997
73368,2522,2002
73347,647,1996
73383,924,2003
73354,433,1999
73362,877,2003
73359,460,2001
73355,1130,1998
73380,2408,2004
73377,849,2005
73378,1006,2005
73357,1252,2001
73374,1269,2005
73367,2248,2004
73360,491,2004
73361,590,2002
73385,1307,2005
73356,672,2002
73372,744,2005
73373,901,2005
73379,1116,2006
73366,1916,2003
73371,257,2004
73376,789,2006
73388,1362,2006
73387,1345,2005
73389,1417,2006
73375,376,2005
73386,1330,2006
73381,290,2007
73394,947,2007
73390,2028,2007
73391,2057,2007
73392,570,2007
73404,707,2008
73393,810,2007
73395,1175,2008
73397,1383,2007
73407,2336,2008
73399,2491,2007
73406,1028,2008
73384,1198,2007
73408,2365,2008
73398,2386,2007
73401,409,2009
73410,554,2008
73405,965,2009
73396,1235,2009
73409,475,2010
73403,657,2009
73382,829,2008
73413,1929,2010
73400,317,2009
73402,529,2009
73416,760,2010
73414,2198,2009
73418,1133,2011
73412,1286,2010
73423,2434,2010
73411,1061,2011
73415,614,2011
73421,1443,2011
73422,1987,2011
73419,1214,2012
73424,1655,2012
73417,1097,2012
73420,1250,2013
