region_id,center_node_idx,cell_id,cell_type
UPMC_c001_v001_r001_reg001,1193,1240,11
UPMC_c001_v001_r001_reg001,799,830,11
UPMC_c001_v001_r001_reg001,3131,3189,11
UPMC_c001_v001_r001_reg001,3572,3631,11
UPMC_c001_v001_r001_reg001,567,588,11
UPMC_c001_v001_r001_reg001,995,1034,9
UPMC_c001_v001_r001_reg001,2112,2168,11
UPMC_c001_v001_r001_reg001,997,1036,9
UPMC_c001_v001_r001_reg001,1925,1981,11
UPMC_c001_v001_r001_reg001,4234,4294,9
UPMC_c001_v001_r001_reg001,1786,1841,9
UPMC_c001_v001_r001_reg001,1716,1771,10
UPMC_c001_v001_r001_reg001,445,462,11
UPMC_c001_v001_r001_reg001,3659,3718,11
UPMC_c001_v001_r001_reg001,2922,2980,9
UPMC_c001_v001_r001_reg001,1575,1630,9
UPMC_c001_v001_r001_reg001,3312,3370,9
UPMC_c001_v001_r001_reg001,3781,3840,9
UPMC_c001_v001_r001_reg001,3629,3688,11
UPMC_c001_v001_r001_reg001,3530,3589,9
UPMC_c001_v001_r001_reg001,3176,3234,9
UPMC_c001_v001_r001_reg001,1686,1741,10
UPMC_c001_v001_r001_reg001,3816,3876,11
UPMC_c001_v001_r001_reg001,1978,2034,11
UPMC_c001_v001_r001_reg001,224,229,11
UPMC_c001_v001_r001_reg001,2892,2950,11
UPMC_c001_v001_r001_reg001,3469,3528,9
UPMC_c001_v001_r001_reg001,1131,1175,9
UPMC_c001_v001_r001_reg001,885,921,9
UPMC_c001_v001_r001_reg001,2702,2760,9
UPMC_c001_v001_r001_reg001,3722,3781,11
UPMC_c001_v001_r001_reg001,1459,1511,9
UPMC_c001_v001_r001_reg001,2519,2577,9
UPMC_c001_v001_r001_reg001,3491,3550,11
UPMC_c001_v001_r001_reg001,1235,1284,11
UPMC_c001_v001_r001_reg001,1079,1121,9
UPMC_c001_v001_r001_reg001,3158,3216,11
UPMC_c001_v001_r001_reg001,1654,1709,10
UPMC_c001_v001_r001_reg001,3576,3635,9
UPMC_c001_v001_r001_reg001,1969,2025,9
UPMC_c001_v001_r001_reg001,2006,2062,9
UPMC_c001_v001_r001_reg001,3829,3889,11
UPMC_c001_v001_r001_reg001,1746,1801,9
UPMC_c001_v001_r001_reg001,538,558,9
UPMC_c001_v001_r001_reg001,4094,4154,11
UPMC_c001_v001_r001_reg001,866,901,9
UPMC_c001_v001_r001_reg001,1526,1579,9
UPMC_c001_v001_r001_reg001,3024,3082,9
UPMC_c001_v001_r001_reg001,428,443,9
UPMC_c001_v001_r001_reg001,522,542,11
UPMC_c001_v001_r001_reg001,2011,2067,11
UPMC_c001_v001_r001_reg001,1458,1510,9
UPMC_c001_v001_r001_reg001,932,969,9
UPMC_c001_v001_r001_reg001,2665,2723,9
UPMC_c001_v001_r001_reg001,696,720,9
UPMC_c001_v001_r001_reg001,1715,1770,9
UPMC_c001_v001_r001_reg001,740,768,9
UPMC_c001_v001_r001_reg001,3051,3109,9
UPMC_c001_v001_r001_reg001,973,1011,9
UPMC_c001_v001_r001_reg001,3473,3532,9
UPMC_c001_v001_r001_reg001,1378,1429,11
UPMC_c001_v001_r001_reg001,2003,2059,10
UPMC_c001_v001_r001_reg001,2000,2056,10
UPMC_c001_v001_r001_reg001,2230,2287,9
UPMC_c001_v001_r001_reg001,2998,3056,9
UPMC_c001_v001_r001_reg001,3474,3533,9
UPMC_c001_v001_r001_reg001,3595,3654,11
UPMC_c001_v001_r001_reg001,3429,3488,9
UPMC_c001_v001_r001_reg001,1128,1171,9
UPMC_c001_v001_r001_reg001,1096,1138,9
UPMC_c001_v001_r001_reg001,2630,2688,10
UPMC_c001_v001_r001_reg001,1259,1308,9
UPMC_c001_v001_r001_reg001,23,24,11
UPMC_c001_v001_r001_reg001,1414,1465,11
UPMC_c001_v001_r001_reg001,1650,1705,10
UPMC_c001_v001_r001_reg001,3109,3167,9
UPMC_c001_v001_r001_reg001,407,420,9
UPMC_c001_v001_r001_reg001,374,384,11
UPMC_c001_v001_r001_reg001,2419,2477,9
UPMC_c001_v001_r001_reg001,3894,3954,11
UPMC_c001_v001_r001_reg001,3035,3093,9
UPMC_c001_v001_r001_reg001,3067,3125,9
UPMC_c001_v001_r001_reg001,4067,4127,11
UPMC_c001_v001_r001_reg001,1847,1903,10
UPMC_c001_v001_r001_reg001,660,682,9
UPMC_c001_v001_r001_reg001,2950,3008,9
UPMC_c001_v001_r001_reg001,1136,1180,11
UPMC_c001_v001_r001_reg001,1608,1663,11
UPMC_c001_v001_r001_reg001,2443,2501,9
UPMC_c001_v001_r001_reg001,1162,1207,9
UPMC_c001_v001_r001_reg001,984,1022,9
UPMC_c001_v001_r001_reg001,1219,1268,9
UPMC_c001_v001_r001_reg001,3773,3832,11
UPMC_c001_v001_r001_reg001,3023,3081,9
UPMC_c001_v001_r001_reg001,1732,1787,11
UPMC_c001_v001_r001_reg001,753,782,9
UPMC_c001_v001_r001_reg001,703,728,9
UPMC_c001_v001_r001_reg001,3315,3373,11
UPMC_c001_v001_r001_reg001,1089,1131,9
UPMC_c001_v001_r001_reg001,158,160,11
UPMC_c001_v001_r001_reg001,2541,2599,11
UPMC_c001_v001_r001_reg001,1142,1186,11
UPMC_c001_v001_r001_reg001,337,345,9
UPMC_c001_v001_r001_reg001,3335,3393,9
UPMC_c001_v001_r001_reg001,3032,3090,11
UPMC_c001_v001_r001_reg001,2058,2114,9
UPMC_c001_v001_r001_reg001,2773,2831,9
UPMC_c001_v001_r001_reg001,1542,1595,9
UPMC_c001_v001_r001_reg001,232,237,11
UPMC_c001_v001_r001_reg001,2710,2768,9
UPMC_c001_v001_r001_reg001,1706,1761,11
UPMC_c001_v001_r001_reg001,3584,3643,11
UPMC_c001_v001_r001_reg001,3534,3593,9
UPMC_c001_v001_r001_reg001,2339,2397,11
UPMC_c001_v001_r001_reg001,2526,2584,10
UPMC_c001_v001_r001_reg001,1100,1142,9
UPMC_c001_v001_r001_reg001,1617,1672,10
UPMC_c001_v001_r001_reg001,2912,2970,11
UPMC_c001_v001_r001_reg001,653,674,9
UPMC_c001_v001_r001_reg001,2628,2686,9
UPMC_c001_v001_r001_reg001,3090,3148,9
UPMC_c001_v001_r001_reg001,1101,1143,9
UPMC_c001_v001_r001_reg001,3122,3180,11
UPMC_c001_v001_r001_reg001,1240,1289,9
UPMC_c001_v001_r001_reg001,3605,3664,9
UPMC_c001_v001_r001_reg001,3237,3295,11
UPMC_c001_v001_r001_reg001,2552,2610,9
UPMC_c001_v001_r001_reg001,763,793,11
UPMC_c001_v001_r001_reg001,2969,3027,11
UPMC_c001_v001_r001_reg001,2394,2452,9
UPMC_c001_v001_r001_reg001,2237,2294,9
UPMC_c001_v001_r001_reg001,2375,2433,9
UPMC_c001_v001_r001_reg001,3972,4032,11
UPMC_c001_v001_r001_reg001,3078,3136,9
UPMC_c001_v001_r001_reg001,1629,1684,9
UPMC_c001_v001_r001_reg001,1056,1097,9
UPMC_c001_v001_r001_reg001,4188,4248,11
UPMC_c001_v001_r001_reg001,3577,3636,10
UPMC_c001_v001_r001_reg001,1011,1050,9
UPMC_c001_v001_r001_reg001,2319,2377,9
UPMC_c001_v001_r001_reg001,3306,3364,11
UPMC_c001_v001_r001_reg001,48,49,11
UPMC_c001_v001_r001_reg001,4006,4066,9
UPMC_c001_v001_r001_reg001,1059,1100,9
UPMC_c001_v001_r001_reg001,847,882,9
UPMC_c001_v001_r001_reg001,2249,2306,9
UPMC_c001_v001_r001_reg001,3310,3368,11
UPMC_c001_v001_r001_reg001,3366,3424,9
UPMC_c001_v001_r001_reg001,2993,3051,11
UPMC_c001_v001_r001_reg001,432,447,9
UPMC_c001_v001_r001_reg001,701,726,11
UPMC_c001_v001_r001_reg001,1596,1651,10
UPMC_c001_v001_r001_reg001,1500,1553,9
UPMC_c001_v001_r001_reg001,2384,2442,9
UPMC_c001_v001_r001_reg001,2675,2733,10
UPMC_c001_v001_r001_reg001,2624,2682,10
UPMC_c001_v001_r001_reg001,2134,2191,10
UPMC_c001_v001_r001_reg001,1887,1943,10
UPMC_c001_v001_r001_reg001,1513,1566,10
UPMC_c001_v001_r001_reg001,1064,1105,11
UPMC_c001_v001_r001_reg001,2187,2244,9
UPMC_c001_v001_r001_reg001,1298,1348,9
UPMC_c001_v001_r001_reg001,489,509,11
UPMC_c001_v001_r001_reg001,2763,2821,9
UPMC_c001_v001_r001_reg001,2824,2882,9
UPMC_c001_v001_r001_reg001,2156,2213,9
UPMC_c001_v001_r001_reg001,3998,4058,11
UPMC_c001_v001_r001_reg001,2755,2813,9
UPMC_c001_v001_r001_reg001,132,134,11
UPMC_c001_v001_r001_reg001,622,643,11
UPMC_c001_v001_r001_reg001,437,453,11
UPMC_c001_v001_r001_reg001,146,148,11
UPMC_c001_v001_r001_reg001,3145,3203,11
UPMC_c001_v001_r001_reg001,3511,3570,9
UPMC_c001_v001_r001_reg001,2873,2931,11
UPMC_c001_v001_r001_reg001,2648,2706,9
UPMC_c001_v001_r001_reg001,2939,2997,9
UPMC_c001_v001_r001_reg001,2870,2928,9
UPMC_c001_v001_r001_reg001,4107,4167,11
UPMC_c001_v001_r001_reg001,535,555,9
UPMC_c001_v001_r001_reg004,1580,17364,9
UPMC_c001_v001_r001_reg004,3830,19625,9
UPMC_c001_v001_r001_reg004,3977,19772,9
UPMC_c001_v001_r001_reg004,5958,21761,9
UPMC_c001_v001_r001_reg004,281,16050,10
UPMC_c001_v001_r001_reg004,4509,20309,9
UPMC_c001_v001_r001_reg004,808,16581,10
UPMC_c001_v001_r001_reg004,6395,22199,11
UPMC_c001_v001_r001_reg004,5946,21749,9
UPMC_c001_v001_r001_reg004,4410,20209,11
UPMC_c001_v001_r001_reg004,3506,19300,9
UPMC_c001_v001_r001_reg004,4235,20030,9
UPMC_c001_v001_r001_reg004,3497,19291,9
UPMC_c001_v001_r001_reg004,155,15923,9
UPMC_c001_v001_r001_reg004,137,15905,9
UPMC_c001_v001_r001_reg004,1447,17230,9
UPMC_c001_v001_r001_reg004,2366,18154,9
UPMC_c001_v001_r001_reg004,1279,17061,9
UPMC_c001_v001_r001_reg004,2630,18418,9
UPMC_c001_v001_r001_reg004,347,16117,9
UPMC_c001_v001_r001_reg004,6861,22668,9
UPMC_c001_v001_r001_reg004,6789,22595,11
UPMC_c001_v001_r001_reg004,5087,20887,9
UPMC_c001_v001_r001_reg004,4333,20129,9
UPMC_c001_v001_r001_reg004,4016,19811,9
UPMC_c001_v001_r001_reg004,6551,22355,11
UPMC_c001_v001_r001_reg004,100,15868,10
UPMC_c001_v001_r001_reg004,1364,17147,10
UPMC_c001_v001_r001_reg004,5234,21035,9
UPMC_c001_v001_r001_reg004,486,16256,9
UPMC_c001_v001_r001_reg004,3426,19218,9
UPMC_c001_v001_r001_reg004,2166,17952,10
UPMC_c001_v001_r001_reg004,754,16527,10
UPMC_c001_v001_r001_reg004,151,15919,9
UPMC_c001_v001_r001_reg004,3211,19003,9
UPMC_c001_v001_r001_reg004,949,16723,10
UPMC_c001_v001_r001_reg004,529,16299,11
UPMC_c001_v001_r001_reg004,5133,20933,9
UPMC_c001_v001_r001_reg004,2032,17818,9
UPMC_c001_v001_r001_reg004,4964,20764,9
UPMC_c001_v001_r001_reg004,2269,18057,11
UPMC_c001_v001_r001_reg004,2080,17866,9
UPMC_c001_v001_r001_reg004,61,15829,10
UPMC_c001_v001_r001_reg004,5249,21050,9
UPMC_c001_v001_r001_reg004,523,16293,9
UPMC_c001_v001_r001_reg004,4119,19914,9
UPMC_c001_v001_r001_reg004,6956,22763,9
UPMC_c001_v001_r001_reg004,1419,17202,10
UPMC_c001_v001_r001_reg004,5075,20875,9
UPMC_c001_v001_r001_reg004,4007,19802,9
UPMC_c001_v001_r001_reg004,3909,19704,9
UPMC_c001_v001_r001_reg004,1288,17070,9
UPMC_c001_v001_r001_reg004,578,16348,10
UPMC_c001_v001_r001_reg004,1192,16972,9
UPMC_c001_v001_r001_reg004,2699,18488,9
UPMC_c001_v001_r001_reg004,2647,18435,9
UPMC_c001_v001_r001_reg004,3873,19668,9
UPMC_c001_v001_r001_reg004,909,16683,9
UPMC_c001_v001_r001_reg004,1680,17465,9
UPMC_c001_v001_r001_reg004,2014,17800,9
UPMC_c001_v001_r001_reg004,4223,20018,9
UPMC_c001_v001_r001_reg004,4742,20542,9
UPMC_c001_v001_r001_reg004,1135,16912,9
UPMC_c001_v001_r001_reg004,4989,20789,10
UPMC_c001_v001_r001_reg004,678,16450,9
UPMC_c001_v001_r001_reg004,396,16166,10
UPMC_c001_v001_r001_reg004,4603,20403,9
UPMC_c001_v001_r001_reg004,4892,20692,9
UPMC_c001_v001_r001_reg004,1094,16871,9
UPMC_c001_v001_r001_reg004,4216,20011,9
UPMC_c001_v001_r001_reg004,1582,17366,9
UPMC_c001_v001_r001_reg004,4040,19835,9
UPMC_c001_v001_r001_reg004,621,16392,9
UPMC_c001_v001_r001_reg004,1540,17324,10
UPMC_c001_v001_r001_reg004,75,15843,11
UPMC_c001_v001_r001_reg004,1291,17073,9
UPMC_c001_v001_r001_reg004,4107,19902,9
UPMC_c001_v001_r001_reg004,5500,21301,9
UPMC_c001_v001_r001_reg004,1345,17128,9
UPMC_c001_v001_r001_reg004,783,16556,10
UPMC_c001_v001_r001_reg004,4239,20034,9
UPMC_c001_v001_r001_reg004,5091,20891,9
UPMC_c001_v001_r001_reg004,4805,20605,9
UPMC_c001_v001_r001_reg004,1693,17478,9
UPMC_c001_v001_r001_reg004,4066,19861,9
UPMC_c001_v001_r001_reg004,3332,19124,9
UPMC_c001_v001_r001_reg004,4249,20044,9
UPMC_c001_v001_r001_reg004,1626,17410,9
UPMC_c001_v001_r001_reg004,6589,22393,9
UPMC_c001_v001_r001_reg004,4878,20678,9
UPMC_c001_v001_r001_reg004,6404,22208,9
UPMC_c001_v001_r001_reg004,1959,17745,9
UPMC_c001_v001_r001_reg004,4647,20447,9
UPMC_c001_v001_r001_reg004,721,16494,9
UPMC_c001_v001_r001_reg004,3136,18927,9
UPMC_c001_v001_r001_reg004,3251,19043,9
UPMC_c001_v001_r001_reg004,116,15884,9
UPMC_c001_v001_r001_reg004,3260,19052,9
UPMC_c001_v001_r001_reg004,2717,18506,9
UPMC_c001_v001_r001_reg004,962,16737,10
UPMC_c001_v001_r001_reg004,1549,17333,10
UPMC_c001_v001_r001_reg004,2825,18614,9
UPMC_c001_v001_r001_reg004,774,16547,11
UPMC_c001_v001_r001_reg004,5424,21225,9
UPMC_c001_v001_r001_reg004,971,16746,9
UPMC_c001_v001_r001_reg004,4428,20227,9
UPMC_c001_v001_r001_reg004,4538,20338,9
UPMC_c001_v001_r001_reg004,3320,19112,9
UPMC_c001_v001_r001_reg004,1194,16974,9
UPMC_c001_v001_r001_reg004,1814,17600,9
UPMC_c001_v001_r001_reg004,4097,19892,9
UPMC_c001_v001_r001_reg004,3539,19333,9
UPMC_c001_v001_r001_reg004,2220,18007,9
UPMC_c001_v001_r001_reg004,6914,22721,11
UPMC_c001_v001_r001_reg004,2700,18489,9
UPMC_c001_v001_r001_reg004,932,16706,10
UPMC_c001_v001_r001_reg004,6801,22607,9
UPMC_c001_v001_r001_reg004,1045,16822,9
UPMC_c001_v001_r001_reg004,205,15973,9
UPMC_c001_v001_r001_reg004,990,16765,10
UPMC_c001_v001_r001_reg004,4453,20252,9
UPMC_c001_v001_r001_reg004,5550,21351,11
UPMC_c001_v001_r001_reg004,1891,17677,10
UPMC_c001_v001_r001_reg004,3971,19766,9
UPMC_c001_v001_r001_reg004,1583,17367,9
UPMC_c001_v001_r001_reg004,505,16275,10
UPMC_c001_v001_r001_reg004,936,16710,9
UPMC_c001_v001_r001_reg004,5245,21046,9
UPMC_c001_v001_r001_reg004,6063,21866,9
UPMC_c001_v001_r001_reg004,2121,17907,9
UPMC_c001_v001_r001_reg004,2413,18201,9
UPMC_c001_v001_r001_reg004,3766,19560,9
UPMC_c001_v001_r001_reg004,4363,20160,9
UPMC_c001_v001_r001_reg004,1069,16846,10
UPMC_c001_v001_r001_reg004,4629,20429,9
UPMC_c001_v001_r001_reg004,2148,17934,9
UPMC_c001_v001_r001_reg004,5486,21287,9
UPMC_c001_v001_r001_reg004,2370,18158,9
UPMC_c001_v001_r001_reg004,6177,21980,9
UPMC_c001_v001_r001_reg004,565,16335,10
UPMC_c001_v001_r001_reg004,421,16191,10
UPMC_c001_v001_r001_reg004,5156,20957,9
UPMC_c001_v001_r001_reg004,3208,19000,9
UPMC_c001_v001_r001_reg004,230,15998,9
UPMC_c001_v001_r001_reg004,3807,19602,9
UPMC_c001_v001_r001_reg004,196,15964,9
UPMC_c001_v001_r001_reg004,3094,18884,9
UPMC_c001_v001_r001_reg004,1947,17733,10
UPMC_c001_v001_r001_reg004,4515,20315,9
UPMC_c001_v001_r001_reg004,4147,19942,9
UPMC_c001_v001_r001_reg004,5506,21307,9
UPMC_c001_v001_r001_reg004,4064,19859,9
UPMC_c001_v001_r001_reg004,1368,17151,9
UPMC_c001_v001_r001_reg004,4810,20610,9
UPMC_c001_v001_r001_reg004,4190,19985,9
UPMC_c001_v001_r001_reg004,2310,18098,9
UPMC_c001_v001_r001_reg004,3085,18875,9
UPMC_c001_v001_r001_reg004,4452,20251,9
UPMC_c001_v001_r001_reg004,5438,21239,11
UPMC_c001_v001_r001_reg004,1342,17125,9
UPMC_c001_v001_r001_reg004,2175,17962,9
UPMC_c001_v001_r001_reg004,3236,19028,9
UPMC_c001_v001_r001_reg004,4570,20370,9
UPMC_c001_v001_r001_reg004,5504,21305,9
UPMC_c001_v001_r001_reg004,5281,21082,9
UPMC_c001_v001_r001_reg004,5455,21256,9
UPMC_c001_v001_r001_reg004,4188,19983,9
UPMC_c001_v001_r001_reg004,3227,19019,11
UPMC_c001_v001_r001_reg004,980,16755,10
UPMC_c001_v001_r001_reg004,5697,21500,9
UPMC_c001_v001_r001_reg004,2581,18369,9
UPMC_c001_v001_r001_reg004,5138,20939,9
UPMC_c001_v001_r001_reg004,3878,19673,9
UPMC_c001_v001_r001_reg004,6009,21812,9
UPMC_c001_v001_r001_reg004,2337,18125,9
UPMC_c001_v001_r001_reg004,1846,17632,9
UPMC_c001_v001_r001_reg004,3921,19716,9
UPMC_c001_v001_r001_reg004,2461,18249,9
UPMC_c001_v001_r001_reg004,3063,18853,11
UPMC_c001_v001_r001_reg004,708,16481,11
UPMC_c001_v001_r001_reg004,509,16279,10
UPMC_c001_v001_r001_reg004,3755,19549,9
UPMC_c001_v001_r001_reg004,905,16679,10
UPMC_c001_v001_r001_reg004,5976,21779,9
UPMC_c001_v001_r001_reg004,4409,20208,9
UPMC_c001_v001_r001_reg004,1041,16818,10
UPMC_c001_v001_r001_reg004,3929,19724,9
UPMC_c001_v001_r001_reg004,2432,18220,10
UPMC_c001_v001_r001_reg004,6182,21985,9
UPMC_c001_v001_r001_reg004,5630,21432,9
UPMC_c001_v001_r001_reg004,6602,22406,9
UPMC_c001_v001_r001_reg004,941,16715,9
UPMC_c001_v001_r001_reg004,5324,21125,9
UPMC_c001_v001_r001_reg004,2305,18093,9
UPMC_c001_v001_r001_reg004,3661,19455,9
UPMC_c001_v001_r001_reg004,5644,21446,9
UPMC_c001_v001_r001_reg004,822,16595,9
UPMC_c001_v001_r001_reg004,5849,21652,9
UPMC_c001_v001_r001_reg004,6624,22428,11
UPMC_c001_v001_r001_reg004,1520,17304,9
UPMC_c001_v001_r001_reg004,2818,18607,9
UPMC_c001_v001_r001_reg004,6691,22496,9
UPMC_c001_v001_r001_reg004,4965,20765,9
UPMC_c001_v001_r001_reg004,3065,18855,9
UPMC_c001_v001_r001_reg004,6630,22435,9
UPMC_c001_v001_r001_reg004,5894,21697,9
UPMC_c001_v001_r001_reg004,6850,22657,9
UPMC_c001_v001_r001_reg004,3083,18873,9
UPMC_c001_v001_r001_reg004,6452,22256,9
UPMC_c001_v001_r001_reg004,4850,20650,9
UPMC_c001_v001_r001_reg004,4840,20640,9
UPMC_c001_v001_r001_reg004,1548,17332,9
UPMC_c001_v001_r001_reg004,957,16731,11
UPMC_c001_v001_r001_reg004,4294,20090,9
UPMC_c001_v001_r001_reg004,1139,16916,9
UPMC_c001_v001_r001_reg004,1134,16911,9
UPMC_c001_v001_r001_reg004,4298,20094,9
UPMC_c001_v001_r001_reg004,3844,19639,9
UPMC_c001_v001_r001_reg004,6066,21869,9
UPMC_c001_v001_r001_reg004,323,16093,9
UPMC_c001_v001_r001_reg004,6882,22689,9
UPMC_c001_v001_r001_reg004,6244,22047,9
UPMC_c001_v001_r001_reg004,1584,17368,9
UPMC_c001_v001_r001_reg004,492,16262,11
UPMC_c001_v001_r001_reg004,2141,17927,9
UPMC_c001_v001_r001_reg004,1674,17459,9
UPMC_c001_v001_r001_reg004,3353,19145,9
UPMC_c001_v001_r001_reg004,2721,18510,9
UPMC_c001_v001_r001_reg004,6538,22342,9
UPMC_c001_v001_r001_reg004,930,16704,9
UPMC_c001_v001_r001_reg004,5465,21266,11
UPMC_c001_v001_r001_reg004,1128,16905,9
UPMC_c001_v001_r001_reg004,1294,17076,9
UPMC_c001_v001_r001_reg004,1847,17633,9
UPMC_c001_v001_r001_reg004,1356,17139,11
UPMC_c001_v001_r001_reg004,5343,21144,9
UPMC_c001_v001_r001_reg004,3826,19621,9
UPMC_c001_v001_r001_reg004,2415,18203,11
UPMC_c001_v001_r001_reg004,6863,22670,11
UPMC_c001_v001_r001_reg004,392,16162,9
UPMC_c001_v001_r001_reg004,3582,19376,9
UPMC_c001_v001_r001_reg004,4085,19880,9
UPMC_c001_v001_r001_reg004,1911,17697,9
UPMC_c001_v001_r001_reg004,4535,20335,11
UPMC_c001_v001_r001_reg004,6825,22631,11
UPMC_c001_v001_r001_reg004,2778,18567,11
UPMC_c001_v001_r001_reg004,1867,17653,9
UPMC_c001_v001_r001_reg004,3390,19182,9
UPMC_c001_v001_r001_reg004,3808,19603,9
UPMC_c001_v001_r001_reg004,1196,16976,10
UPMC_c001_v001_r001_reg004,1474,17258,9
UPMC_c001_v001_r001_reg004,2448,18236,9
UPMC_c001_v001_r001_reg004,4285,20081,9
UPMC_c001_v001_r001_reg004,67,15835,9
UPMC_c001_v001_r001_reg004,2738,18527,9
UPMC_c001_v001_r001_reg004,742,16515,10
UPMC_c001_v001_r001_reg004,360,16130,9
UPMC_c001_v001_r001_reg004,1938,17724,9
UPMC_c001_v001_r001_reg004,4172,19967,9
UPMC_c001_v001_r001_reg004,4996,20796,9
UPMC_c001_v001_r001_reg004,5751,21554,9
UPMC_c001_v001_r001_reg004,1475,17259,9
UPMC_c001_v001_r001_reg004,2344,18132,9
UPMC_c001_v001_r001_reg004,5674,21476,11
UPMC_c001_v001_r001_reg004,4156,19951,9
UPMC_c001_v001_r001_reg004,4829,20629,9
UPMC_c001_v001_r001_reg004,4207,20002,9
UPMC_c001_v001_r001_reg004,1366,17149,9
UPMC_c001_v001_r001_reg004,2233,18020,9
UPMC_c001_v001_r001_reg004,4401,20200,9
UPMC_c001_v001_r001_reg004,2689,18478,9
UPMC_c001_v001_r001_reg004,3071,18861,9
UPMC_c001_v001_r001_reg004,6940,22747,11
UPMC_c001_v001_r001_reg004,674,16446,11
UPMC_c001_v001_r001_reg004,5695,21498,9
UPMC_c001_v001_r001_reg004,3129,18920,9
UPMC_c001_v001_r001_reg004,1995,17781,10
UPMC_c001_v001_r001_reg004,3732,19526,9
UPMC_c001_v001_r001_reg004,669,16440,10
UPMC_c001_v001_r001_reg004,2136,17922,9
UPMC_c001_v001_r001_reg004,6020,21823,11
UPMC_c001_v001_r001_reg004,5360,21161,11
UPMC_c001_v001_r001_reg004,2331,18119,11
UPMC_c001_v001_r001_reg004,3273,19065,9
UPMC_c001_v001_r001_reg004,5737,21540,9
UPMC_c001_v001_r001_reg004,1879,17665,10
UPMC_c001_v001_r001_reg004,931,16705,10
UPMC_c001_v001_r001_reg004,608,16379,10
UPMC_c001_v001_r001_reg004,1460,17243,9
UPMC_c001_v001_r001_reg004,2015,17801,9
UPMC_c001_v001_r001_reg004,3740,19534,9
UPMC_c001_v001_r001_reg004,6837,22644,9
UPMC_c001_v001_r001_reg004,166,15934,9
UPMC_c001_v001_r001_reg004,4697,20497,9
UPMC_c001_v001_r001_reg009,5468,48121,11
UPMC_c001_v001_r001_reg009,5002,47646,9
UPMC_c001_v001_r001_reg009,1287,43880,11
UPMC_c001_v001_r001_reg009,2818,45424,9
UPMC_c001_v001_r001_reg009,1572,44169,10
UPMC_c001_v001_r001_reg009,3406,46024,9
UPMC_c001_v001_r001_reg009,5324,47974,11
UPMC_c001_v001_r001_reg009,2786,45392,9
UPMC_c001_v001_r001_reg009,17,42592,9
UPMC_c001_v001_r001_reg009,4774,47416,11
UPMC_c001_v001_r001_reg009,2870,45477,11
UPMC_c001_v001_r001_reg009,534,43114,11
UPMC_c001_v001_r001_reg009,5246,47895,9
UPMC_c001_v001_r001_reg009,710,43292,10
UPMC_c001_v001_r001_reg009,5422,48075,9
UPMC_c001_v001_r001_reg009,266,42846,10
UPMC_c001_v001_r001_reg009,367,42947,9
UPMC_c001_v001_r001_reg009,4934,47577,11
UPMC_c001_v001_r001_reg009,4799,47441,9
UPMC_c001_v001_r001_reg009,5180,47827,11
UPMC_c001_v001_r001_reg009,620,43201,10
UPMC_c001_v001_r001_reg009,2664,45269,11
UPMC_c001_v001_r001_reg009,3721,46345,9
UPMC_c001_v001_r001_reg009,1160,43752,9
UPMC_c001_v001_r001_reg009,817,43400,9
UPMC_c001_v001_r001_reg009,3677,46301,9
UPMC_c001_v001_r001_reg009,5345,47996,11
UPMC_c001_v001_r001_reg009,5040,47685,9
UPMC_c001_v001_r001_reg009,1230,43822,11
UPMC_c001_v001_r001_reg009,1111,43702,9
UPMC_c001_v001_r001_reg009,5374,48025,10
UPMC_c001_v001_r001_reg009,3777,46401,10
UPMC_c001_v001_r001_reg009,1022,43612,11
UPMC_c001_v001_r001_reg009,4955,47598,11
UPMC_c001_v001_r001_reg009,3867,46493,11
UPMC_c001_v001_r001_reg009,657,43238,11
UPMC_c001_v001_r001_reg009,4547,47184,11
UPMC_c001_v001_r001_reg009,5026,47671,9
UPMC_c001_v001_r001_reg009,3825,46451,9
UPMC_c001_v001_r001_reg009,4014,46644,10
UPMC_c001_v001_r001_reg009,5415,48068,9
UPMC_c001_v001_r001_reg009,3584,46207,10
UPMC_c001_v001_r001_reg009,1834,44434,9
UPMC_c001_v001_r001_reg009,3258,45874,11
UPMC_c001_v001_r001_reg009,4880,47523,9
UPMC_c001_v001_r001_reg009,656,43237,10
UPMC_c001_v001_r001_reg009,698,43280,11
UPMC_c001_v001_r001_reg009,1085,43675,11
UPMC_c001_v001_r001_reg009,4173,46807,10
UPMC_c001_v001_r001_reg009,735,43317,10
UPMC_c001_v001_r001_reg009,2412,45017,9
UPMC_c001_v001_r001_reg009,5172,47819,11
UPMC_c001_v001_r001_reg009,4963,47606,11
UPMC_c001_v001_r001_reg009,3998,46627,9
UPMC_c001_v001_r001_reg009,4222,46856,9
UPMC_c001_v001_r001_reg009,5147,47794,9
UPMC_c001_v001_r001_reg009,4854,47497,9
UPMC_c001_v001_r001_reg009,5033,47678,11
UPMC_c001_v001_r001_reg009,6000,48667,9
UPMC_c001_v001_r001_reg009,1585,44183,9
UPMC_c001_v001_r001_reg009,1328,43921,9
UPMC_c001_v001_r001_reg009,114,42691,10
UPMC_c001_v001_r001_reg009,771,43354,11
UPMC_c001_v001_r001_reg009,415,42995,9
UPMC_c001_v001_r001_reg009,2953,45562,11
UPMC_c001_v001_r001_reg009,459,43039,10
UPMC_c001_v001_r001_reg009,5292,47942,9
UPMC_c001_v001_r001_reg009,908,43493,9
UPMC_c001_v001_r001_reg009,4560,47197,11
UPMC_c001_v001_r001_reg009,1768,44368,9
UPMC_c001_v001_r001_reg009,801,43384,11
UPMC_c001_v001_r001_reg009,4790,47432,11
UPMC_c001_v001_r001_reg009,1072,43662,9
UPMC_c001_v001_r001_reg009,4118,46751,9
UPMC_c001_v001_r001_reg009,4323,46958,9
UPMC_c001_v001_r001_reg009,940,43526,11
UPMC_c001_v001_r001_reg009,3804,46428,10
UPMC_c001_v001_r001_reg009,1870,44470,11
UPMC_c001_v001_r001_reg009,4050,46681,11
UPMC_c001_v001_r001_reg009,2369,44973,9
UPMC_c001_v001_r001_reg009,5472,48125,10
UPMC_c001_v001_r001_reg009,3231,45847,9
UPMC_c001_v001_r001_reg009,4174,46808,10
UPMC_c001_v001_r001_reg009,2373,44977,9
UPMC_c001_v001_r001_reg009,652,43233,9
UPMC_c001_v001_r001_reg009,5336,47986,9
UPMC_c001_v001_r001_reg009,11,42586,9
UPMC_c001_v001_r001_reg009,378,42958,9
UPMC_c001_v001_r001_reg009,5223,47872,9
UPMC_c001_v001_r001_reg009,1163,43755,11
UPMC_c001_v001_r001_reg009,675,43257,11
UPMC_c001_v001_r001_reg009,527,43107,11
UPMC_c001_v001_r001_reg009,5230,47879,11
UPMC_c001_v001_r001_reg009,3368,45985,9
UPMC_c001_v001_r001_reg009,1422,44015,9
UPMC_c001_v001_r001_reg009,3933,46562,9
UPMC_c001_v001_r001_reg009,745,43328,10
UPMC_c001_v001_r001_reg009,5309,47959,9
UPMC_c001_v001_r001_reg009,2880,45487,11
UPMC_c001_v001_r001_reg009,4982,47626,11
UPMC_c001_v001_r001_reg009,1584,44182,9
UPMC_c001_v001_r001_reg009,4273,46908,11
UPMC_c001_v001_r001_reg009,5798,48459,9
UPMC_c001_v001_r001_reg009,2379,44983,10
UPMC_c001_v001_r001_reg009,5240,47889,11
UPMC_c001_v001_r001_reg009,1197,43789,9
UPMC_c001_v001_r001_reg009,880,43464,11
UPMC_c001_v001_r001_reg009,1488,44084,9
UPMC_c001_v001_r001_reg009,5075,47720,9
UPMC_c001_v001_r001_reg009,0,42574,11
UPMC_c001_v001_r001_reg009,5931,48596,11
UPMC_c001_v001_r001_reg009,730,43312,10
UPMC_c001_v001_r001_reg009,5197,47845,9
UPMC_c001_v001_r001_reg009,1070,43660,10
UPMC_c001_v001_r001_reg009,1046,43636,11
UPMC_c001_v001_r001_reg009,3069,45682,11
UPMC_c001_v001_r001_reg009,2193,44794,11
UPMC_c001_v001_r001_reg009,3981,46610,11
UPMC_c001_v001_r001_reg009,1809,44409,9
UPMC_c001_v001_r001_reg009,1671,44269,9
UPMC_c001_v001_r001_reg009,4020,46650,11
UPMC_c001_v001_r001_reg009,723,43305,11
UPMC_c001_v001_r001_reg009,546,43126,10
UPMC_c001_v001_r001_reg009,4369,47004,10
UPMC_c001_v001_r001_reg009,5898,48562,11
UPMC_c001_v001_r001_reg009,4494,47130,11
UPMC_c001_v001_r001_reg009,1155,43747,9
UPMC_c001_v001_r001_reg009,5171,47818,11
UPMC_c001_v001_r001_reg009,2473,45078,9
UPMC_c001_v001_r001_reg009,5444,48097,11
UPMC_c001_v001_r001_reg009,2202,44803,10
UPMC_c001_v001_r001_reg009,3947,46576,11
UPMC_c001_v001_r001_reg009,4804,47446,10
UPMC_c001_v001_r001_reg009,368,42948,11
UPMC_c001_v001_r001_reg009,2790,45396,11
UPMC_c001_v001_r001_reg009,5551,48206,10
UPMC_c001_v001_r001_reg009,5635,48292,9
UPMC_c001_v001_r001_reg009,478,43058,9
UPMC_c001_v001_r001_reg009,3102,45715,11
UPMC_c001_v001_r001_reg009,4858,47501,9
UPMC_c001_v001_r001_reg009,1292,43885,11
UPMC_c001_v001_r001_reg009,1242,43834,11
UPMC_c001_v001_r001_reg009,5555,48210,11
UPMC_c001_v001_r001_reg009,2843,45449,10
UPMC_c001_v001_r001_reg009,3964,46593,10
UPMC_c001_v001_r001_reg009,4154,46788,11
UPMC_c001_v001_r001_reg009,4672,47310,9
UPMC_c001_v001_r001_reg009,3712,46336,9
UPMC_c001_v001_r001_reg009,4334,46969,10
UPMC_c001_v001_r001_reg009,4577,47214,9
UPMC_c001_v001_r001_reg009,474,43054,9
UPMC_c001_v001_r001_reg009,487,43067,9
UPMC_c001_v001_r001_reg009,5069,47714,9
UPMC_c001_v001_r001_reg009,3462,46081,9
UPMC_c001_v001_r001_reg009,818,43401,11
UPMC_c001_v001_r001_reg009,1400,43993,11
UPMC_c001_v001_r001_reg009,1979,44580,9
UPMC_c001_v001_r001_reg009,6061,48729,11
UPMC_c001_v001_r001_reg009,879,43463,10
UPMC_c001_v001_r001_reg009,3234,45850,10
UPMC_c001_v001_r001_reg009,438,43018,9
UPMC_c001_v001_r001_reg009,5694,48354,11
UPMC_c001_v001_r001_reg009,4379,47014,10
UPMC_c001_v001_r001_reg009,374,42954,10
UPMC_c001_v001_r001_reg009,503,43083,11
UPMC_c001_v001_r001_reg009,3127,45741,10
UPMC_c001_v001_r001_reg009,809,43392,11
UPMC_c001_v001_r001_reg009,533,43113,11
UPMC_c001_v001_r001_reg009,5550,48204,11
UPMC_c001_v001_r001_reg009,4429,47064,11
UPMC_c001_v001_r001_reg009,2838,45444,10
UPMC_c001_v001_r001_reg009,2575,45180,10
UPMC_c001_v001_r001_reg009,2768,45374,11
UPMC_c001_v001_r001_reg009,855,43438,11
UPMC_c001_v001_r001_reg009,2745,45351,11
UPMC_c001_v001_r001_reg009,2533,45138,11
UPMC_c001_v001_r001_reg009,4879,47522,11
UPMC_c001_v001_r001_reg009,3795,46419,10
UPMC_c001_v001_r001_reg009,3431,46049,10
UPMC_c001_v001_r001_reg009,1273,43866,11
UPMC_c001_v001_r001_reg009,4355,46990,10
UPMC_c001_v001_r001_reg009,5866,48527,11
UPMC_c001_v001_r001_reg009,5877,48538,11
UPMC_c001_v001_r001_reg009,5847,48508,11
UPMC_c001_v001_r001_reg009,4661,47299,11
UPMC_c001_v001_r001_reg009,5277,47927,11
UPMC_c001_v001_r001_reg009,290,42870,9
UPMC_c001_v001_r001_reg009,3390,46007,10
UPMC_c001_v001_r001_reg009,5779,48439,11
UPMC_c001_v001_r001_reg009,476,43056,11
UPMC_c001_v001_r001_reg009,278,42858,9
UPMC_c001_v001_r001_reg009,3961,46590,11
UPMC_c001_v001_r001_reg009,2851,45458,11
UPMC_c001_v001_r001_reg009,2390,44995,10
UPMC_c001_v001_r001_reg009,2920,45529,11
UPMC_c001_v001_r001_reg009,2049,44650,9
UPMC_c001_v001_r001_reg009,5261,47911,10
UPMC_c001_v001_r001_reg009,628,43209,10
UPMC_c001_v001_r001_reg009,5004,47648,9
UPMC_c001_v001_r001_reg009,4695,47333,11
UPMC_c001_v001_r001_reg009,4420,47055,11
UPMC_c001_v001_r001_reg009,5696,48356,11
UPMC_c001_v001_r001_reg009,430,43010,10
UPMC_c001_v001_r001_reg009,2471,45076,11
UPMC_c001_v001_r001_reg009,351,42931,9
UPMC_c001_v001_r001_reg009,3050,45662,10
UPMC_c001_v001_r001_reg009,4496,47132,11
UPMC_c001_v001_r001_reg009,5173,47820,9
UPMC_c001_v001_r001_reg009,3411,46029,11
UPMC_c001_v001_r001_reg009,1760,44359,9
UPMC_c001_v001_r001_reg009,5257,47906,11
UPMC_c001_v001_r001_reg009,2080,44681,9
UPMC_c001_v001_r001_reg009,1114,43705,9
UPMC_c001_v001_r001_reg009,5016,47661,11
UPMC_c001_v001_r001_reg009,5122,47769,11
UPMC_c001_v001_r001_reg009,3931,46559,10
UPMC_c001_v001_r001_reg009,51,42626,9
UPMC_c001_v001_r001_reg009,4122,46755,11
UPMC_c001_v001_r001_reg009,1241,43833,9
UPMC_c001_v001_r001_reg009,4149,46783,9
UPMC_c001_v001_r001_reg009,3298,45915,10
UPMC_c001_v001_r001_reg009,477,43057,11
UPMC_c001_v001_r001_reg009,5271,47921,9
UPMC_c001_v001_r001_reg009,3691,46315,9
UPMC_c001_v001_r001_reg009,1056,43646,9
UPMC_c001_v001_r001_reg009,5933,48598,9
UPMC_c001_v001_r001_reg009,3631,46254,11
UPMC_c001_v001_r001_reg009,4025,46655,11
UPMC_c001_v001_r001_reg009,4698,47336,11
UPMC_c001_v001_r001_reg009,3432,46050,9
UPMC_c001_v001_r001_reg009,134,42712,11
UPMC_c001_v001_r001_reg009,1346,43939,10
UPMC_c001_v001_r001_reg009,2391,44996,11
UPMC_c001_v001_r001_reg009,5281,47931,11
UPMC_c001_v001_r001_reg009,1397,43990,9
UPMC_c001_v001_r001_reg009,3978,46607,9
UPMC_c001_v001_r001_reg009,3702,46326,11
UPMC_c001_v001_r001_reg009,647,43228,11
UPMC_c001_v001_r001_reg009,4942,47585,9
UPMC_c001_v001_r001_reg009,5028,47673,11
UPMC_c001_v001_r001_reg009,3030,45642,10
UPMC_c001_v001_r001_reg009,3289,45906,11
UPMC_c001_v001_r001_reg009,3191,45807,10
UPMC_c001_v001_r001_reg009,3678,46302,9
UPMC_c001_v001_r001_reg009,4486,47121,11
UPMC_c001_v001_r001_reg009,3895,46521,9
UPMC_c001_v001_r001_reg009,2092,44693,11
UPMC_c001_v001_r001_reg009,3152,45767,11
UPMC_c001_v001_r001_reg009,5050,47695,11
UPMC_c001_v001_r001_reg009,2708,45313,11
UPMC_c001_v001_r001_reg009,3369,45986,9
UPMC_c001_v001_r001_reg009,1297,43890,11
UPMC_c001_v001_r001_reg009,1371,43964,9
UPMC_c001_v001_r001_reg009,3898,46524,9
UPMC_c001_v001_r001_reg009,1025,43615,9
UPMC_c001_v001_r001_reg009,3182,45798,11
UPMC_c001_v001_r001_reg014,1935,68842,11
UPMC_c001_v001_r001_reg014,622,67516,11
UPMC_c001_v001_r001_reg014,3458,70378,9
UPMC_c001_v001_r001_reg014,1871,68778,11
UPMC_c001_v001_r001_reg014,3228,70146,11
UPMC_c001_v001_r001_reg014,3937,70867,9
UPMC_c001_v001_r001_reg014,1505,68407,9
UPMC_c001_v001_r001_reg014,5316,72253,11
UPMC_c001_v001_r001_reg014,2148,69057,11
UPMC_c001_v001_r001_reg014,522,67415,11
UPMC_c001_v001_r001_reg014,2210,69120,9
UPMC_c001_v001_r001_reg014,2361,69271,11
UPMC_c001_v001_r001_reg014,1701,68607,11
UPMC_c001_v001_r001_reg014,2735,69648,11
UPMC_c001_v001_r001_reg014,4075,71006,10
UPMC_c001_v001_r001_reg014,2105,69014,9
UPMC_c001_v001_r001_reg014,1163,68061,11
UPMC_c001_v001_r001_reg014,2838,69751,9
UPMC_c001_v001_r001_reg014,3210,70128,11
UPMC_c001_v001_r001_reg014,3643,70570,10
UPMC_c001_v001_r001_reg014,1116,68013,11
UPMC_c001_v001_r001_reg014,2881,69795,11
UPMC_c001_v001_r001_reg014,2283,69193,11
UPMC_c001_v001_r001_reg014,3187,70105,10
UPMC_c001_v001_r001_reg014,4631,71564,9
UPMC_c001_v001_r001_reg014,2954,69869,11
UPMC_c001_v001_r001_reg014,6223,73169,11
UPMC_c001_v001_r001_reg014,794,67689,11
UPMC_c001_v001_r001_reg014,2221,69131,9
UPMC_c001_v001_r001_reg014,173,67063,9
UPMC_c001_v001_r001_reg014,5167,72104,11
UPMC_c001_v001_r001_reg014,4173,71104,9
UPMC_c001_v001_r001_reg014,1972,68880,9
UPMC_c001_v001_r001_reg014,630,67524,10
UPMC_c001_v001_r001_reg014,1400,68301,11
UPMC_c001_v001_r001_reg014,3908,70838,9
UPMC_c001_v001_r001_reg014,3864,70794,9
UPMC_c001_v001_r001_reg014,2865,69778,9
UPMC_c001_v001_r001_reg014,3266,70185,10
UPMC_c001_v001_r001_reg014,314,67205,9
UPMC_c001_v001_r001_reg014,296,67186,9
UPMC_c001_v001_r001_reg014,5741,72681,9
UPMC_c001_v001_r001_reg014,808,67703,10
UPMC_c001_v001_r001_reg014,3483,70404,10
UPMC_c001_v001_r001_reg014,3641,70566,9
UPMC_c001_v001_r001_reg014,5766,72706,11
UPMC_c001_v001_r001_reg014,1119,68017,9
UPMC_c001_v001_r001_reg014,2698,69610,11
UPMC_c001_v001_r001_reg014,1237,68135,9
UPMC_c001_v001_r001_reg014,5997,72938,11
UPMC_c001_v001_r001_reg014,2141,69050,11
UPMC_c001_v001_r001_reg014,2643,69555,10
UPMC_c001_v001_r001_reg014,1657,68562,11
UPMC_c001_v001_r001_reg014,4670,71604,9
UPMC_c001_v001_r001_reg014,2132,69041,11
UPMC_c001_v001_r001_reg014,410,67302,11
UPMC_c001_v001_r001_reg014,2183,69093,10
UPMC_c001_v001_r001_reg014,6067,73010,11
UPMC_c001_v001_r001_reg014,3711,70640,10
UPMC_c001_v001_r001_reg014,2396,69307,11
UPMC_c001_v001_r001_reg014,4106,71037,10
UPMC_c001_v001_r001_reg014,6131,73076,10
UPMC_c001_v001_r001_reg014,1383,68284,9
UPMC_c001_v001_r001_reg014,3115,70032,11
UPMC_c001_v001_r001_reg014,2242,69152,10
UPMC_c001_v001_r001_reg014,2526,69437,11
UPMC_c001_v001_r001_reg014,2919,69834,11
UPMC_c001_v001_r001_reg014,4454,71387,9
UPMC_c001_v001_r001_reg014,2827,69740,11
UPMC_c001_v001_r001_reg014,1464,68366,9
UPMC_c001_v001_r001_reg014,807,67702,11
UPMC_c001_v001_r001_reg014,4169,71100,9
UPMC_c001_v001_r001_reg014,978,67874,10
UPMC_c001_v001_r001_reg014,1627,68531,11
UPMC_c001_v001_r001_reg014,3537,70458,11
UPMC_c001_v001_r001_reg014,3477,70398,11
UPMC_c001_v001_r001_reg014,3891,70821,9
UPMC_c001_v001_r001_reg014,189,67079,11
UPMC_c001_v001_r001_reg014,5564,72503,11
UPMC_c001_v001_r001_reg014,596,67490,10
UPMC_c001_v001_r001_reg014,3322,70241,11
UPMC_c001_v001_r001_reg014,3360,70279,11
UPMC_c001_v001_r001_reg014,3140,70057,11
UPMC_c001_v001_r001_reg014,767,67662,10
UPMC_c001_v001_r001_reg014,4838,71773,9
UPMC_c001_v001_r001_reg014,1499,68401,9
UPMC_c001_v001_r001_reg014,1,66888,11
UPMC_c001_v001_r001_reg014,1498,68400,10
UPMC_c001_v001_r001_reg014,1554,68458,9
UPMC_c001_v001_r001_reg014,284,67174,11
UPMC_c001_v001_r001_reg014,3160,70077,11
UPMC_c001_v001_r001_reg014,80,66967,11
UPMC_c001_v001_r001_reg014,3198,70116,11
UPMC_c001_v001_r001_reg014,1063,67959,10
UPMC_c001_v001_r001_reg014,1341,68241,9
UPMC_c001_v001_r001_reg014,521,67414,11
UPMC_c001_v001_r001_reg014,1655,68560,9
UPMC_c001_v001_r001_reg014,1602,68506,9
UPMC_c001_v001_r001_reg014,5114,72051,10
UPMC_c001_v001_r001_reg014,4771,71705,10
UPMC_c001_v001_r001_reg014,3518,70439,10
UPMC_c001_v001_r001_reg014,2821,69734,11
UPMC_c001_v001_r001_reg014,3024,69940,9
UPMC_c001_v001_r001_reg014,5614,72553,9
UPMC_c001_v001_r001_reg014,3330,70249,9
UPMC_c001_v001_r001_reg014,260,67150,10
UPMC_c001_v001_r001_reg014,3265,70184,9
UPMC_c001_v001_r001_reg014,929,67825,10
UPMC_c001_v001_r001_reg014,1447,68348,11
UPMC_c001_v001_r001_reg014,3186,70104,11
UPMC_c001_v001_r001_reg014,1332,68231,11
UPMC_c001_v001_r001_reg014,6112,73056,10
UPMC_c001_v001_r001_reg014,581,67475,11
UPMC_c001_v001_r001_reg014,6243,73189,11
UPMC_c001_v001_r001_reg014,3566,70487,9
UPMC_c001_v001_r001_reg014,872,67767,11
UPMC_c001_v001_r001_reg014,3408,70328,11
UPMC_c001_v001_r001_reg014,4634,71567,10
UPMC_c001_v001_r001_reg014,3290,70209,11
UPMC_c001_v001_r001_reg014,2713,69626,9
UPMC_c001_v001_r001_reg014,4981,71918,11
UPMC_c001_v001_r001_reg014,3204,70122,9
UPMC_c001_v001_r001_reg014,179,67069,10
UPMC_c001_v001_r001_reg014,1477,68379,11
UPMC_c001_v001_r001_reg014,2145,69054,11
UPMC_c001_v001_r001_reg014,2504,69415,9
UPMC_c001_v001_r001_reg014,386,67278,11
UPMC_c001_v001_r001_reg014,4826,71761,9
UPMC_c001_v001_r001_reg014,5078,72015,11
UPMC_c001_v001_r001_reg014,1878,68785,11
UPMC_c001_v001_r001_reg014,2110,69019,9
UPMC_c001_v001_r001_reg014,346,67238,9
UPMC_c001_v001_r001_reg014,5222,72159,11
UPMC_c001_v001_r001_reg014,1509,68411,11
UPMC_c001_v001_r001_reg014,1385,68286,9
UPMC_c001_v001_r001_reg014,5306,72243,9
UPMC_c001_v001_r001_reg014,3191,70109,11
UPMC_c001_v001_r001_reg014,2527,69438,9
UPMC_c001_v001_r001_reg014,3478,70399,11
UPMC_c001_v001_r001_reg014,6102,73045,9
UPMC_c001_v001_r001_reg014,4310,71242,9
UPMC_c001_v001_r001_reg014,5380,72317,11
UPMC_c001_v001_r001_reg014,2343,69253,10
UPMC_c001_v001_r001_reg014,5745,72685,9
UPMC_c001_v001_r001_reg014,4376,71309,9
UPMC_c001_v001_r001_reg014,3533,70454,11
UPMC_c001_v001_r001_reg014,6331,73280,11
UPMC_c001_v001_r001_reg014,4123,71054,9
UPMC_c001_v001_r001_reg014,5665,72605,11
UPMC_c001_v001_r001_reg014,2232,69142,11
UPMC_c001_v001_r001_reg014,5366,72303,9
UPMC_c001_v001_r001_reg014,2181,69091,9
UPMC_c001_v001_r001_reg014,2037,68946,9
UPMC_c001_v001_r001_reg014,2557,69468,9
UPMC_c001_v001_r001_reg014,2987,69902,9
UPMC_c001_v001_r001_reg014,213,67103,10
UPMC_c001_v001_r001_reg014,2996,69912,9
UPMC_c001_v001_r001_reg014,5841,72782,11
UPMC_c001_v001_r001_reg014,5935,72876,9
UPMC_c001_v001_r001_reg014,3179,70097,9
UPMC_c001_v001_r001_reg014,2253,69163,9
UPMC_c001_v001_r001_reg014,211,67101,11
UPMC_c001_v001_r001_reg014,308,67199,9
UPMC_c001_v001_r001_reg014,175,67065,10
UPMC_c001_v001_r001_reg014,2166,69076,11
UPMC_c001_v001_r001_reg014,1700,68606,9
UPMC_c001_v001_r001_reg014,3850,70780,10
UPMC_c001_v001_r001_reg014,5236,72173,11
UPMC_c001_v001_r001_reg014,5001,71938,9
UPMC_c001_v001_r001_reg014,5693,72633,9
UPMC_c001_v001_r001_reg014,901,67797,11
UPMC_c001_v001_r001_reg014,1414,68315,11
UPMC_c001_v001_r001_reg014,6414,73364,11
UPMC_c001_v001_r001_reg014,3324,70243,11
UPMC_c001_v001_r001_reg014,1259,68158,11
UPMC_c001_v001_r001_reg014,1821,68728,9
UPMC_c001_v001_r001_reg014,3362,70281,9
UPMC_c001_v001_r001_reg014,5247,72184,11
UPMC_c001_v001_r001_reg014,1295,68194,9
UPMC_c001_v001_r001_reg014,648,67542,9
UPMC_c001_v001_r001_reg014,2088,68997,11
UPMC_c001_v001_r001_reg014,2607,69518,10
UPMC_c001_v001_r001_reg014,1594,68498,9
UPMC_c001_v001_r001_reg014,1621,68525,11
UPMC_c001_v001_r001_reg014,191,67081,11
UPMC_c001_v001_r001_reg014,2172,69082,9
UPMC_c001_v001_r001_reg014,666,67561,10
UPMC_c001_v001_r001_reg014,6253,73200,9
UPMC_c001_v001_r001_reg014,1394,68295,9
UPMC_c001_v001_r001_reg014,5735,72675,9
UPMC_c001_v001_r001_reg014,3497,70418,11
UPMC_c001_v001_r001_reg014,6032,72973,9
UPMC_c001_v001_r001_reg014,2965,69880,11
UPMC_c001_v001_r001_reg014,795,67690,10
UPMC_c001_v001_r001_reg014,1659,68564,11
UPMC_c001_v001_r001_reg014,3320,70239,10
UPMC_c001_v001_r001_reg014,3092,70009,9
UPMC_c001_v001_r001_reg014,6050,72992,10
UPMC_c001_v001_r001_reg014,2565,69476,11
UPMC_c001_v001_r001_reg014,1460,68362,9
UPMC_c001_v001_r001_reg014,3139,70056,11
UPMC_c001_v001_r001_reg014,5840,72781,11
UPMC_c001_v001_r001_reg014,496,67389,9
UPMC_c001_v001_r001_reg014,1571,68475,9
UPMC_c001_v001_r001_reg014,2568,69479,9
UPMC_c001_v001_r001_reg014,3618,70542,11
UPMC_c001_v001_r001_reg014,156,67046,11
UPMC_c001_v001_r001_reg014,1588,68492,11
UPMC_c001_v001_r001_reg014,819,67714,9
UPMC_c001_v001_r001_reg014,2355,69265,10
UPMC_c001_v001_r001_reg014,3509,70430,9
UPMC_c001_v001_r001_reg014,6118,73062,10
UPMC_c001_v001_r001_reg014,5344,72281,11
UPMC_c001_v001_r001_reg014,3117,70034,9
UPMC_c001_v001_r001_reg014,2521,69432,11
UPMC_c001_v001_r001_reg014,2530,69441,11
UPMC_c001_v001_r001_reg014,616,67510,11
UPMC_c001_v001_r001_reg014,1230,68128,9
UPMC_c001_v001_r001_reg014,5470,72409,9
UPMC_c001_v001_r001_reg014,1435,68336,9
UPMC_c001_v001_r001_reg014,492,67385,11
UPMC_c001_v001_r001_reg014,5996,72937,9
UPMC_c001_v001_r001_reg014,3054,69970,11
UPMC_c001_v001_r001_reg014,971,67867,11
UPMC_c001_v001_r001_reg014,6421,73371,10
UPMC_c001_v001_r001_reg014,5145,72082,9
UPMC_c001_v001_r001_reg014,1486,68388,9
UPMC_c001_v001_r001_reg014,4988,71925,10
UPMC_c001_v001_r001_reg014,5205,72142,9
UPMC_c001_v001_r001_reg014,1812,68719,9
UPMC_c001_v001_r001_reg014,5422,72360,9
UPMC_c001_v001_r001_reg014,3916,70846,9
UPMC_c001_v001_r001_reg014,3481,70402,9
UPMC_c001_v001_r001_reg014,3909,70839,9
UPMC_c001_v001_r001_reg014,32,66919,9
UPMC_c001_v001_r001_reg014,2999,69915,11
UPMC_c001_v001_r001_reg014,4687,71621,9
UPMC_c001_v001_r001_reg014,3460,70380,9
UPMC_c001_v001_r001_reg014,265,67155,10
UPMC_c001_v001_r001_reg014,1220,68118,11
UPMC_c001_v001_r001_reg014,2387,69298,11
UPMC_c001_v001_r001_reg014,58,66945,10
UPMC_c001_v001_r001_reg014,1533,68437,9
UPMC_c001_v001_r001_reg014,2854,69767,11
UPMC_c001_v001_r001_reg014,1349,68249,11
UPMC_c001_v001_r001_reg014,6187,73133,9
UPMC_c001_v001_r001_reg014,3185,70103,9
UPMC_c001_v001_r001_reg014,5856,72797,9
UPMC_c001_v001_r001_reg014,2748,69661,11
UPMC_c001_v001_r001_reg014,1715,68621,9
UPMC_c001_v001_r001_reg014,3116,70033,10
UPMC_c001_v001_r001_reg014,1028,67924,10
UPMC_c001_v001_r001_reg014,2033,68942,11
UPMC_c001_v001_r001_reg014,5910,72851,9
UPMC_c001_v001_r001_reg014,2889,69803,9
UPMC_c001_v001_r001_reg014,197,67087,9
UPMC_c001_v001_r001_reg014,1413,68314,9
UPMC_c001_v001_r001_reg014,4087,71018,9
UPMC_c001_v001_r001_reg014,2556,69467,11
UPMC_c001_v001_r001_reg014,4030,70960,9
UPMC_c001_v001_r001_reg014,6430,73380,11
UPMC_c001_v001_r001_reg014,936,67832,10
UPMC_c001_v001_r001_reg014,4671,71605,10
UPMC_c001_v001_r001_reg014,5872,72813,9
UPMC_c001_v001_r001_reg014,5112,72049,9
UPMC_c001_v001_r001_reg014,4357,71290,10
UPMC_c001_v001_r001_reg014,5751,72691,11
UPMC_c001_v001_r001_reg014,2412,69323,9
UPMC_c001_v001_r001_reg014,5318,72255,11
UPMC_c001_v001_r001_reg014,149,67039,9
